CODIGO,CODIGO_VAR,Categoria,Marca,Producto,Variante,Escrituras,NumVar,ID_alta,Otros_IDs,SKU_alta,Otros_SKUs,Nombres_vistos,Otras_Categorias,Precio_alta,Alta,Baja,Fusionado_en,Nota
AT-0001,AT-0001,Accesorio Apple,Apple,Airtag Pack x4,,,,ACC-APP-070,,accesorio-apple~apple~airtag-pack-x4,,,,155,2026-09-10,,,
AT-0002,AT-0002,Accesorio Apple,Apple,Airtag x1,,,,ACC-APP-001,,accesorio-apple~apple~airtag-x1,,,,75,2026-09-10,,,
AT-0003,AT-0003-01,Accesorio Apple,Apple,Magic Keyboard Con Touch Id + Numeric Pad (Inglés/White),White,blanco|teclas blancas|whi|whites,01,ACC-APP-056,,accesorio-apple~apple~id-keyboard-magic-numeric-pad-touch,,,,305,2026-09-10,,,
AT-0004,AT-0004-01,Accesorio Apple,Apple,Magic Keyboard Folio iPad 10TH Gen Inglés (White),White,blanco|teclas blancas|whi|whites,01,ACC-APP-034,,accesorio-apple~apple~folio-ipad-keyboard-magic~gen10-tecladoen,,,,385,2026-09-10,,,
AT-0005,AT-0005-01,Accesorio Apple,Apple,"Magic Keyboard iPad Air M3/M4 11"" Inglés (Black)",Black,bla|black keys|negro|teclas negras,01,ACC-APP-035,,accesorio-apple~apple~air-ipad-keyboard-m3-m4-magic~11in-tecladoen,,,,405,2026-09-10,,,
AT-0006,AT-0006-01,Accesorio Apple,Apple,"Magic Keyboard iPad Air M3/M4 13"" Inglés (Black)",Black,bla|black keys|negro|teclas negras,01,ACC-APP-037,,accesorio-apple~apple~air-ipad-keyboard-m3-m4-magic~13in-tecladoen,,,,445,2026-09-10,,,
AT-0006,AT-0006-02,Accesorio Apple,Apple,"Magic Keyboard iPad Air M3/M4 13"" Inglés (Black)",White,blanco|teclas blancas|whi|whites,02,ACC-APP-066,,accesorio-apple~apple~air-ipad-keyboard-m3-m4-magic~13in-tecladoen,,,,445,2026-09-10,,,
AT-0007,AT-0007-01,Accesorio Apple,Apple,"Magic Keyboard iPad Pro M2 11"" Inglés (Black)",Black,bla|black keys|negro|teclas negras,01,ACC-APP-058,,accesorio-apple~apple~ipad-keyboard-m2-magic-pro~11in-tecladoen,,,,320,2026-09-10,,,
AT-0008,AT-0008-01,Accesorio Apple,Apple,"Magic Keyboard iPad Pro M2 12.9"" Español (White)",White,blanco|teclas blancas|whi|whites,01,ACC-APP-067,ACC-APP-071,accesorio-apple~apple~ipad-keyboard-m2-magic-pro~12in-tecladoes,accesorio-apple~apple~keyboard-m1-m2-magic-pro~12in-tecladoes,"Magic Keyboard Pro 12.9"" (M1/M2) Español (White)",,410,2026-09-10,,,
AT-0009,AT-0009-01,Accesorio Apple,Apple,"Magic Keyboard iPad Pro M4/M5 11"" Inglés (Black)",Black,bla|black keys|negro|teclas negras,01,ACC-APP-036,,accesorio-apple~apple~ipad-keyboard-m4-m5-magic-pro~11in-tecladoen,,,,395,2026-09-10,,,
AT-0009,AT-0009-02,Accesorio Apple,Apple,"Magic Keyboard iPad Pro M4/M5 11"" Inglés (Black)",White,blanco|teclas blancas|whi|whites,02,ACC-APP-068,,accesorio-apple~apple~ipad-keyboard-m4-m5-magic-pro~11in-tecladoen,,,,395,2026-09-10,,,
AT-0010,AT-0010-01,Accesorio Apple,Apple,"Magic Keyboard iPad Pro M4/M5 13"" Inglés (Black)",Black,bla|black keys|negro|teclas negras,01,ACC-APP-069,,accesorio-apple~apple~ipad-keyboard-m4-m5-magic-pro~13in-tecladoen,,,,505,2026-09-10,,,
AT-0010,AT-0010-02,Accesorio Apple,Apple,"Magic Keyboard iPad Pro M4/M5 13"" Inglés (Black)",White,blanco|teclas blancas|whi|whites,02,ACC-APP-039,,accesorio-apple~apple~ipad-keyboard-m4-m5-magic-pro~13in-tecladoen,,,,505,2026-09-10,,,
AT-0011,AT-0011-01,Accesorio Apple,Apple,Magic Mouse 2 (Black),Black,bla|black keys|negro|teclas negras,01,ACC-APP-041,,accesorio-apple~apple~2-magic-mouse,,,,195,2026-09-10,,,
AT-0011,AT-0011-02,Accesorio Apple,Apple,Magic Mouse 2 (Black),White,blanco|teclas blancas|whi|whites,02,ACC-APP-005,,accesorio-apple~apple~2-magic-mouse,,,,195,2026-09-10,,,
AT-0012,AT-0012-01,Accesorio Apple,Apple,Magic Trackpad 2 (2024) (Black),Black,bla|black keys|negro|teclas negras,01,ACC-APP-008,,accesorio-apple~apple~2-magic-trackpad,,,,255,2026-09-10,,,
AT-0013,AT-0013,Accesorio Apple,Apple,Pencil Pro,,,,ACC-APP-004,,accesorio-apple~apple~pencil-pro,,,,165,2026-09-10,,,
AT-0014,AT-0014,Accesorio Apple,Apple,Pencil USB-C,,,,ACC-APP-003,,accesorio-apple~apple~pencil-usb-c,,,,130,2026-09-10,,,
AT-0015,AT-0015,Accesorio Apple,Apple,"Smart Keyboard Folio (iPad Pro 12.9"" / iPad Air M2-M3)",,,,ACC-APP-057,,accesorio-apple~apple~air-folio-ipad-keyboard-pro-smart,,,,335,2026-09-10,,,
AT-0016,AT-0016,Accesorio Cámara,Canon,Adaptador AD-E1 Zapata Multifuncion,,,,ACC-CAN-006,,accesorio-camara~canon~ad-e1-adaptador-multifuncion-zapata,,,,110,2026-09-10,,,
AT-0017,AT-0017,Accesorio Cámara,Canon,Bateria Grip BG-R20,,,,ACC-CAN-004,,accesorio-camara~canon~bateria-bg-r20-grip,,,,440,2026-09-10,,,
AT-0018,AT-0018,Accesorio Cámara,Canon,Bateria Lp E6P Para R5 R6M2 R7 R5C R5II 5D 6D,,,,ACC-CAN-009,,accesorio-camara~canon~5d-6d-bateria-e6p-lp-r5-r5c-r5ii-r6m2-r7,,,,170,2026-09-10,,,
AT-0019,AT-0019,Accesorio Cámara,Canon,Bateria Smallrig Lp-E6NH Kit (2 X Bat + Car) (90D 7D 6D 5D R5 R6),,,,ACC-CAN-001,,accesorio-camara~canon~2-5d-6d-7d-bat-bateria-car-lp-e6nh-r5-r6-smallrig-x~kit,,,,130,2026-09-10,,,
AT-0020,AT-0020,Accesorio Cámara,Canon,Flash Canon Speedlite EL-5,,,,ACC-CAN-005,,accesorio-camara~canon~canon-el-5-flash-speedlite,,,,400,2026-09-10,,,
AT-0021,AT-0021,Accesorio Cámara,Canon,Flash EF-630 Electronic,,,,ACC-CAN-007,,accesorio-camara~canon~ef-630-electronic-flash,,,,600,2026-09-10,,,
AT-0022,AT-0022,Accesorio Cámara,Canon,Mount Adapter EF-EOS R,,,,ACC-CAN-002,,accesorio-camara~canon~adapter-ef-eos-mount-r,,,,210,2026-09-10,,,
AT-0023,AT-0023,Accesorio Cámara,DJI,Osmo Mobile 8P Creator Combo,,,,ACC-DJI-011,,accesorio-camara~dji~8p-combo-creator-mobile-osmo,,,,352,2026-09-10,,,
AT-0024,AT-0024,Accesorio Cámara,Fujifilm,Fuji Instax Mini Twin Film Rollo Repuesto (2 X 10),,,,CAM-FUJ-008,,accesorio-camara~fujifilm~10-2-film-fuji-instax-mini-repuesto-rollo-twin-x,,,,75,2026-09-10,,,
AT-0025,AT-0025,Accesorio Cámara,GoPro,Bateria Recargable Go Pro 9/10/11/12,,,,ACC-GOP-001,,accesorio-camara~gopro~10-11-12-9-bateria-go-pro-recargable,,,,84,2026-09-10,,,
AT-0026,AT-0026,Accesorio Cámara,Nikon,Adaptador FTZ II,,,,ACC-NIK-004,,accesorio-camara~nikon~adaptador-ftz-ii,,,,290,2026-09-10,,,
AT-0027,AT-0027,Accesorio Cámara,Nikon,Bateria Nikon EN-EL 18D 3300MHA,,,,ACC-NIK-005,,accesorio-camara~nikon~18d-3300mha-bateria-en-el-nikon,,,,300,2026-09-10,,,
AT-0028,AT-0028,Accesorio Cámara,Nikon,Bateria Nikon EN-EL20A,,,,ACC-NIK-001,,accesorio-camara~nikon~bateria-en-el20a-nikon,,,,110,2026-09-10,,,
AT-0029,AT-0029,Accesorio Cámara,Nikon,Control Remoto Nikon ML-L7,,,,ACC-NIK-002,,accesorio-camara~nikon~control-ml-l7-nikon-remoto,,,,110,2026-09-10,,,
AT-0030,AT-0030,Accesorio Cámara,Nikon,Memoria Nikon 64GB XQD,,,,ACC-NIK-006,,accesorio-camara~nikon~memoria-nikon-xqd~64gb,,,,130,2026-09-10,,,
AT-0031,AT-0031,Accesorio Cámara,Saramonic,Microfono Saramonic Blink Me 2 Wireless,,,,ACC-SAR-001,,accesorio-camara~saramonic~2-blink-me-microfono-saramonic-wireless,,,,310,2026-09-10,,,
AT-0032,AT-0032,Accesorio Cámara,Sigma,EF-630 Flash Nikon,,,,ACC-NIK-008,,accesorio-camara~sigma~ef-630-flash-nikon,,,,517,2026-09-10,,,
AT-0033,AT-0033,Accesorio Cámara,Sony,Bateria Cargador Sony Bc-QZ1,,,,ACC-SON-008,,accesorio-camara~sony~bateria-bc-qz1-cargador-sony,accesorio-camara~sony~bateria-cargador-sonybc-qz1,Bateria Cargador Sonybc-QZ1,,154,2026-09-10,,,
AT-0034,AT-0034,Accesorio Cámara,Sony,Batería Smallrig USB-C FW-50 (2 X Bat + Car),,,,ACC-SON-004,,accesorio-camara~sony~2-bat-bateria-car-fw-50-smallrig-usb-c-x,,,,120,2026-09-10,,,
AT-0035,AT-0035,Accesorio Cámara,Sony,Batería Smallrig USB-C FZ-100 (Rechargable),,,,ACC-SON-006,,accesorio-camara~sony~bateria-fz-100-rechargable-smallrig-usb-c,,,,130,2026-09-10,,,
AT-0036,AT-0036,Accesorio Cámara,Sony,Bateria Sony NP-FZ100,,,,ACC-SON-005,,accesorio-camara~sony~bateria-np-fz100-sony,,,,130,2026-09-10,,,
AT-0037,AT-0037,Accesorio Cámara,Sony,Shooting Grip VCT-SGR1,,,,ACC-SON-007,,accesorio-camara~sony~grip-shooting-vct-sgr1,,,,99,2026-09-10,,,
AT-0038,AT-0038,Accesorio Cámara,Sony,Shotgun Mic Mount Digital ECM-B10,,,,ACC-SON-009,,accesorio-camara~sony~digital-ecm-b10-mic-mount-shotgun,,,,275,2026-09-10,,,
AT-0039,AT-0039,Accesorio Drone,DJI,Acc DJI Control Rc W/ Screen,,,,ACC-DJI-005,,accesorio-drone~dji~acc-control-dji-rc-screen-w,,,,500,2026-09-10,,,
AT-0040,AT-0040,Accesorio Drone,DJI,Acc DJI Filtro Camara (Mini 3 Pro),,,,ACC-DJI-002,,accesorio-drone~dji~3-acc-camara-dji-filtro-mini-pro,,,,110,2026-09-10,,,
AT-0041,AT-0041,Accesorio Drone,DJI,Acc DJI Helices (Mini 3 Pro),,,,ACC-DJI-001,,accesorio-drone~dji~3-acc-dji-helices-mini-pro,,,,65,2026-09-10,,,
AT-0042,AT-0042,Accesorio Drone,DJI,Control P/Avata Rc Motion 2,,,,ACC-DJI-004,,accesorio-drone~dji~2-avata-control-motion-rc,,,,360,2026-09-10,,,
AT-0043,AT-0043,Accesorio Drone,DJI,Drone DJI Air 3S (RC2) + Fly More Combo,,,,ACC-DJI-017,,accesorio-drone~dji~3s-air-combo-dji-drone-fly-more-rc2,,,,1980,2026-09-10,,,
AT-0044,AT-0044,Accesorio Drone,DJI,Drone DJI Lito X1 (Rc-N3) + Fly More Combo,,,,ACC-DJI-015,,accesorio-drone~dji~combo-dji-drone-fly-lito-more-rc-n3-x1,,,,759,2026-09-10,,,
AT-0045,AT-0045,Accesorio Drone,DJI,Drone DJI Neo 2 + Fly More Combo,,,,ACC-DJI-012,,accesorio-drone~dji~2-combo-dji-drone-fly-more-neo,,,,528,2026-09-10,,,
AT-0046,AT-0046,Accesorio Drone,DJI,Googles 2,,,,ACC-DJI-006,,accesorio-drone~dji~2-googles,,,,640,2026-09-10,,,
AT-0047,AT-0047,Accesorio Gaming,Logitech,Volante Logitech G29 PS5/PS4/Pc,,,,ACC-LOG-001,,accesorio-gaming~logitech~g29-logitech-pc-ps4-ps5-volante,,,,350,2026-09-10,,,
AT-0048,AT-0048,Accesorio Gaming,Logitech,Volante Logitech G923 Pc/Xbox,,,,ACC-MIC-003,,accesorio-gaming~logitech~g923-logitech-pc-volante-xbox,,,,410,2026-09-10,,,
AT-0049,AT-0049-01,Accesorio Gaming,Microsoft,Joystick Xbox S/X (Black),Black,bla|black keys|negro|teclas negras,01,ACC-MIC-001,,accesorio-gaming~microsoft~joystick-s-x-xbox,,,,100,2026-09-10,,,
AT-0050,AT-0050-01,Accesorio Gaming,Microsoft,Joystick Xbox S/X + USB-C (Black),Black,bla|black keys|negro|teclas negras,01,ACC-MIC-002,,accesorio-gaming~microsoft~joystick-s-usb-c-x-xbox,,,,110,2026-09-10,,,
AT-0051,AT-0051,Accesorio Gaming,Sony,Joystick PS5 (Consultar Colores),,,,ACC-SON-001,,accesorio-gaming~sony~consultar-joystick-ps5,,,,105,2026-09-10,,,
AT-0052,AT-0052-01,Accesorio Gaming,Sony,Joystick PS5 Edición Especial (Rhythm Blue/Techno Red/Astrobot/Remix Green),Rhythm Blue,,01,ACC-SON-003,,accesorio-gaming~sony~edicion-especial-joystick-ps5,,,,125,2026-09-10,,,
AT-0052,AT-0052-02,Accesorio Gaming,Sony,Joystick PS5 Edición Especial (Rhythm Blue/Techno Red/Astrobot/Remix Green),Techno Red,,02,ACC-SON-003,,accesorio-gaming~sony~edicion-especial-joystick-ps5,,,,125,2026-09-10,,,
AT-0052,AT-0052-03,Accesorio Gaming,Sony,Joystick PS5 Edición Especial (Rhythm Blue/Techno Red/Astrobot/Remix Green),Astrobot,,03,ACC-SON-003,,accesorio-gaming~sony~edicion-especial-joystick-ps5,,,,125,2026-09-10,,,
AT-0052,AT-0052-04,Accesorio Gaming,Sony,Joystick PS5 Edición Especial (Rhythm Blue/Techno Red/Astrobot/Remix Green),Remix Green,,04,ACC-SON-003,,accesorio-gaming~sony~edicion-especial-joystick-ps5,,,,125,2026-09-10,,,
AT-0053,AT-0053,Accesorio Gaming,Sony,PS5 VR2,,,,CON-SON-013,,accesorio-gaming~sony~ps5-vr2,,,,550,2026-09-10,,,
AT-0054,AT-0054,Auriculares,Apple,AirPods 4,,,,AUD-APP-002,,auriculares~apple~4-airpods,,,,155,2026-09-10,,,
AT-0055,AT-0055,Auriculares,Apple,AirPods 4 Con Cancelación De Ruido (ANC),,,,AUD-APP-013,,auriculares~apple~4-airpods-anc-cancelacion-ruido,,,,230,2026-09-10,,,
AT-0056,AT-0056-01,Auriculares,Apple,AirPods Max 2ª Gen USB-C (Blue/Orange),Blue,blu,01,AUD-APP-006,,auriculares~apple~airpods-max-usb-c~gen2,,,,620,2026-09-10,,,
AT-0056,AT-0056-02,Auriculares,Apple,AirPods Max 2ª Gen USB-C (Blue/Orange),Orange,,02,AUD-APP-006,,auriculares~apple~airpods-max-usb-c~gen2,,,,620,2026-09-10,,,
AT-0056,AT-0056-03,Auriculares,Apple,AirPods Max 2ª Gen USB-C (Blue/Orange),Midnight,,03,AUD-APP-009,,auriculares~apple~airpods-max-usb-c~gen2,,,,620,2026-09-10,,,
AT-0056,AT-0056-04,Auriculares,Apple,AirPods Max 2ª Gen USB-C (Blue/Orange),Purple,pur,04,AUD-APP-009,,auriculares~apple~airpods-max-usb-c~gen2,,,,620,2026-09-10,,,
AT-0056,AT-0056-05,Auriculares,Apple,AirPods Max 2ª Gen USB-C (Blue/Orange),Starlight,,05,AUD-APP-006,,auriculares~apple~airpods-max-usb-c~gen2,,,,620,2026-09-10,,,hay foto; la planilla no la vende hoy
AT-0057,AT-0057-01,Auriculares,Apple,AirPods Max USB-C (Blue),Blue,blu,01,AUD-APP-005,,auriculares~apple~airpods-max-usb-c,,,,550,2026-09-10,,,
AT-0058,AT-0058,Auriculares,Apple,AirPods Pro 3ra Gen,,,,AUD-APP-004,,auriculares~apple~airpods-pro~gen3,,,,275,2026-09-10,,,
AT-0059,AT-0059,Auriculares,Apple,EarPods Lightning,,,,AUD-APP-008,,auriculares~apple~earpods-lightning,,,,120,2026-09-10,,,
AT-0060,AT-0060,Auriculares,Apple,EarPods USB-C,,,,AUD-APP-007,,auriculares~apple~earpods-usb-c,,,,130,2026-09-10,,,
AT-0061,AT-0061-01,Auriculares,JBL,Earbuds Tune Flex Wireless Nc (White),White,blanco|teclas blancas|whi|whites,01,AUD-JBL-001,,auriculares~jbl~earbuds-flex-nc-tune-wireless,,,,105,2026-09-10,,,
AT-0062,AT-0062-01,Auriculares,Kieslect,Adjustable Earbuds (Black),Black,bla|black keys|negro|teclas negras,01,AUD-KIE-001,,auriculares~kieslect~adjustable-earbuds,,,,69,2026-09-10,,,
AT-0063,AT-0063-01,Auriculares,Samsung,Galaxy Buds 3 (White),White,blanco|teclas blancas|whi|whites,01,AUD-SAM-001,,auriculares~samsung~3-buds-galaxy,,,,190,2026-09-10,,,
AT-0064,AT-0064-01,Celular,Apple,iPhone 14 128GB (Blue/Purple/Red/Star/Yellow),Blue,blu,01,CEL-APP-003,,celular~apple~14-iphone~128gb,,,,650,2026-09-10,,,
AT-0064,AT-0064-02,Celular,Apple,iPhone 14 128GB (Blue/Purple/Red/Star/Yellow),Purple,pur,02,CEL-APP-003,,celular~apple~14-iphone~128gb,,,,650,2026-09-10,,,
AT-0064,AT-0064-03,Celular,Apple,iPhone 14 128GB (Blue/Purple/Red/Star/Yellow),Red,,03,CEL-APP-003,,celular~apple~14-iphone~128gb,,,,650,2026-09-10,,,
AT-0064,AT-0064-04,Celular,Apple,iPhone 14 128GB (Blue/Purple/Red/Star/Yellow),Yellow,,04,CEL-APP-003,,celular~apple~14-iphone~128gb,,,,650,2026-09-10,,,
AT-0065,AT-0065-01,Celular,Apple,iPhone 15 128GB (Black),Black,bla|black keys|negro|teclas negras,01,CEL-APP-004,,celular~apple~15-iphone~128gb,,,,685,2026-09-10,,,
AT-0065,AT-0065-02,Celular,Apple,iPhone 15 128GB (Black),Blue,,02,CEL-APP-004,,celular~apple~15-iphone~128gb,,,,685,2026-09-10,,,hay foto; la planilla no la vende hoy
AT-0066,AT-0066-01,Celular,Apple,iPhone 15 Plus 128GB (Black),Black,bla|black keys|negro|teclas negras,01,CEL-APP-091,,celular~apple~15-iphone-plus~128gb,,,,780,2026-09-10,,,
AT-0066,AT-0066-02,Celular,Apple,iPhone 15 Plus 128GB (Black),Yellow,,02,CEL-APP-090,,celular~apple~15-iphone-plus~128gb,,,,780,2026-09-10,,,
AT-0067,AT-0067-01,Celular,Apple,iPhone 16 128GB (Black/Ultramarine/Teal),Black,bla|black keys|negro|teclas negras,01,CEL-APP-005,,celular~apple~16-iphone~128gb,,,,810,2026-09-10,,,
AT-0067,AT-0067-02,Celular,Apple,iPhone 16 128GB (Black/Ultramarine/Teal),Ultramarine,,02,CEL-APP-005,,celular~apple~16-iphone~128gb,,,,810,2026-09-10,,,
AT-0067,AT-0067-03,Celular,Apple,iPhone 16 128GB (Black/Ultramarine/Teal),Teal,,03,CEL-APP-005,,celular~apple~16-iphone~128gb,,,,810,2026-09-10,,,
AT-0067,AT-0067-04,Celular,Apple,iPhone 16 128GB (Black/Ultramarine/Teal),White,,04,CEL-APP-005,,celular~apple~16-iphone~128gb,,,,810,2026-09-10,,,hay foto; la planilla no la vende hoy
AT-0067,AT-0067-05,Celular,Apple,iPhone 16 128GB (Black/Ultramarine/Teal),Pink,,05,CEL-APP-005,,celular~apple~16-iphone~128gb,,,,830,2026-09-11,,,variante agregada el 2026-09-11
AT-0068,AT-0068-01,Celular,Apple,iPhone 16 Pro Max 256GB (Black),Black,bla|black keys|negro|teclas negras,01,CEL-APP-006,,celular~apple~16-iphone-max-pro~256gb,,,,1200,2026-09-10,,,
AT-0068,AT-0068-02,Celular,Apple,iPhone 16 Pro Max 256GB (Black),Desert Titanium,,02,CEL-APP-088,,celular~apple~16-iphone-max-pro~256gb,,,,1200,2026-09-10,,,
AT-0068,AT-0068-03,Celular,Apple,iPhone 16 Pro Max 256GB (Black),Natural Titanium,,03,CEL-APP-088,,celular~apple~16-iphone-max-pro~256gb,,,,1200,2026-09-10,,,
AT-0068,AT-0068-04,Celular,Apple,iPhone 16 Pro Max 256GB (Black),White Titanium,,04,CEL-APP-088,,celular~apple~16-iphone-max-pro~256gb,,,,1200,2026-09-10,,,
AT-0069,AT-0069-01,Celular,Apple,iPhone 16 Pro Max 512GB (Desert Titanium),Desert Titanium,,01,CEL-APP-074,,celular~apple~16-iphone-max-pro~512gb,,,,1370,2026-09-10,,,
AT-0070,AT-0070-01,Celular,Apple,iPhone 17 256GB (Blue/Sage/Lavender/White),Blue,blu,01,CEL-APP-077,,celular~apple~17-iphone~256gb,,,,960,2026-09-10,,,
AT-0070,AT-0070-02,Celular,Apple,iPhone 17 256GB (Blue/Sage/Lavender/White),Sage,,02,CEL-APP-077,,celular~apple~17-iphone~256gb,,,,960,2026-09-10,,,
AT-0070,AT-0070-03,Celular,Apple,iPhone 17 256GB (Blue/Sage/Lavender/White),Lavender,lavander,03,CEL-APP-077,,celular~apple~17-iphone~256gb,,,,960,2026-09-10,,,
AT-0070,AT-0070-04,Celular,Apple,iPhone 17 256GB (Blue/Sage/Lavender/White),White,blanco|teclas blancas|whi|whites,04,CEL-APP-077,,celular~apple~17-iphone~256gb,,,,960,2026-09-10,,,
AT-0070,AT-0070-05,Celular,Apple,iPhone 17 256GB (Blue/Sage/Lavender/White),Black,,05,CEL-APP-077,,celular~apple~17-iphone~256gb,,,,960,2026-09-10,,,hay foto; la planilla no la vende hoy
AT-0071,AT-0071-01,Celular,Apple,iPhone 17 Pro 1TB (Silver/Orange),Silver,sil,01,CEL-APP-013,,celular~apple~17-iphone-pro~1tb,,,,1600,2026-09-10,,,
AT-0071,AT-0071-02,Celular,Apple,iPhone 17 Pro 1TB (Silver/Orange),Orange,,02,CEL-APP-013,,celular~apple~17-iphone-pro~1tb,,,,1600,2026-09-10,,,
AT-0071,AT-0071-03,Celular,Apple,iPhone 17 Pro 1TB (Silver/Orange),Blue,,03,CEL-APP-013,,celular~apple~17-iphone-pro~1tb,,,,1600,2026-09-10,,,hay foto; la planilla no la vende hoy
AT-0072,AT-0072-01,Celular,Apple,iPhone 17 Pro 256GB (Silver/Blue/Orange),Silver,sil,01,CEL-APP-068,CEL-APP-070,celular~apple~17-iphone-pro~256gb,celular~apple~17-iphone-pro~256gb-esim,iPhone 17 Pro 256GB E-Sim (Silver/Blue),,1240,2026-09-10,,,
AT-0072,AT-0072-02,Celular,Apple,iPhone 17 Pro 256GB (Silver/Blue/Orange),Blue,blu,02,CEL-APP-068,CEL-APP-070,celular~apple~17-iphone-pro~256gb,celular~apple~17-iphone-pro~256gb-esim,iPhone 17 Pro 256GB E-Sim (Silver/Blue),,1240,2026-09-10,,,
AT-0072,AT-0072-03,Celular,Apple,iPhone 17 Pro 256GB (Silver/Blue/Orange),Orange,,03,CEL-APP-068,CEL-APP-070,celular~apple~17-iphone-pro~256gb,celular~apple~17-iphone-pro~256gb-esim,iPhone 17 Pro 256GB E-Sim (Silver/Blue),,1240,2026-09-10,,,
AT-0073,AT-0073-01,Celular,Apple,iPhone 17 Pro 512GB (Orange),Orange,,01,CEL-APP-071,,celular~apple~17-iphone-pro~512gb,,,,1390,2026-09-10,,,
AT-0073,AT-0073-02,Celular,Apple,iPhone 17 Pro 512GB (Orange),Blue,,02,CEL-APP-071,,celular~apple~17-iphone-pro~512gb,,,,1390,2026-09-10,,,hay foto; la planilla no la vende hoy
AT-0073,AT-0073-03,Celular,Apple,iPhone 17 Pro 512GB (Orange),Silver,,03,CEL-APP-071,,celular~apple~17-iphone-pro~512gb,,,,1390,2026-09-10,,,hay foto; la planilla no la vende hoy
AT-0074,AT-0074-01,Celular,Apple,iPhone 17 Pro Max 1TB E-Sim (Silver),Silver,sil,01,CEL-APP-085,,celular~apple~17-iphone-max-pro~1tb-esim,,,,1680,2026-09-10,,,
AT-0074,AT-0074-02,Celular,Apple,iPhone 17 Pro Max 1TB E-Sim (Silver),Blue,,02,CEL-APP-085,,celular~apple~17-iphone-max-pro~1tb-esim,,,,1680,2026-09-10,,,hay foto; la planilla no la vende hoy
AT-0074,AT-0074-03,Celular,Apple,iPhone 17 Pro Max 1TB E-Sim (Silver),Orange,,03,CEL-APP-085,,celular~apple~17-iphone-max-pro~1tb-esim,,,,1680,2026-09-10,,,hay foto; la planilla no la vende hoy
AT-0075,AT-0075-01,Celular,Apple,iPhone 17 Pro Max 256GB E-Sim (Silver/Blue/Orange),Silver,sil,01,CEL-APP-078,,celular~apple~17-iphone-max-pro~256gb-esim,,,,1280,2026-09-10,,,
AT-0075,AT-0075-02,Celular,Apple,iPhone 17 Pro Max 256GB E-Sim (Silver/Blue/Orange),Blue,blu,02,CEL-APP-078,,celular~apple~17-iphone-max-pro~256gb-esim,,,,1280,2026-09-10,,,
AT-0075,AT-0075-03,Celular,Apple,iPhone 17 Pro Max 256GB E-Sim (Silver/Blue/Orange),Orange,,03,CEL-APP-078,,celular~apple~17-iphone-max-pro~256gb-esim,,,,1280,2026-09-10,,,
AT-0076,AT-0076-01,Celular,Apple,iPhone 17e 256GB (Negro),Negro,bla|black|black keys|teclas negras,01,CEL-APP-066,,celular~apple~17e-iphone~256gb,,,,800,2026-09-10,,,
AT-0076,AT-0076-02,Celular,Apple,iPhone 17e 256GB (Negro),Pink,,02,CEL-APP-066,,celular~apple~17e-iphone~256gb,,,,800,2026-09-10,,,hay foto; la planilla no la vende hoy
AT-0076,AT-0076-03,Celular,Apple,iPhone 17e 256GB (Negro),White,,03,CEL-APP-066,,celular~apple~17e-iphone~256gb,,,,800,2026-09-10,,,hay foto; la planilla no la vende hoy
AT-0077,AT-0077-01,Celular,Apple,iPhone Air 1TB (Black/White),Black,bla|black keys|negro|teclas negras,01,CEL-APP-092,,celular~apple~air-iphone~1tb,,,,1200,2026-09-10,,,
AT-0077,AT-0077-02,Celular,Apple,iPhone Air 1TB (Black/White),White,blanco|teclas blancas|whi|whites,02,CEL-APP-092,,celular~apple~air-iphone~1tb,,,,1200,2026-09-10,,,
AT-0078,AT-0078-01,Celular,Motorola,G06 Power 4/256GB Con Cargador (Blue),Blue,blu,01,CEL-MOT-075,,celular~motorola~g06-power~4gb-256gb-concargador,,,,205,2026-09-10,,,
AT-0079,AT-0079-01,Celular,Motorola,G06 Power 4/64GB Sin Cargador (Laurel Oak),Laurel Oak,,01,CEL-MOT-067,,celular~motorola~g06-power~4gb-64gb-sincargador,,,,175,2026-09-10,,,
AT-0080,AT-0080-01,Celular,Motorola,G17 4/256GB Sin Cargador (Pink),Pink,pin,01,CEL-MOT-070,,celular~motorola~g17~4gb-256gb-sincargador,,,,230,2026-09-10,,,
AT-0081,AT-0081-01,Celular,Motorola,G57 8/256GB 5G Sin Cargador (Green),Green,gre,01,CEL-MOT-071,,celular~motorola~g57~8gb-256gb-5g-sincargador,,,,285,2026-09-10,,,
AT-0082,AT-0082-01,Celular,Samsung,Galaxy A17 4/128GB (x5 U$235),Black,,01,CEL-SAM-025,,celular~samsung~a17-galaxy-u-x5~4gb-128gb,celular~samsung~a17-galaxy~4gb-128gb,Galaxy A17 4/128GB (Black/Blue/Gray),,235,2026-09-10,,,variante agregada el 2026-09-11
AT-0082,AT-0082-02,Celular,Samsung,Galaxy A17 4/128GB (x5 U$235),Blue,,02,CEL-SAM-025,,celular~samsung~a17-galaxy~4gb-128gb,,Galaxy A17 4/128GB (Black/Blue/Gray),,240,2026-09-11,,,variante agregada el 2026-09-11
AT-0082,AT-0082-03,Celular,Samsung,Galaxy A17 4/128GB (x5 U$235),Gray,,03,CEL-SAM-025,,celular~samsung~a17-galaxy~4gb-128gb,,Galaxy A17 4/128GB (Black/Blue/Gray),,240,2026-09-11,,,variante agregada el 2026-09-11
AT-0083,AT-0083-01,Celular,Samsung,Galaxy A17 8/256GB (Gray/Blue),Gray,cinza|grey|gris,01,CEL-SAM-003,,celular~samsung~a17-galaxy~8gb-256gb,,,,330,2026-09-10,,,
AT-0083,AT-0083-02,Celular,Samsung,Galaxy A17 8/256GB (Gray/Blue),Blue,blu,02,CEL-SAM-003,,celular~samsung~a17-galaxy~8gb-256gb,,,,330,2026-09-10,,,
AT-0083,AT-0083-03,Celular,Samsung,Galaxy A17 8/256GB (Gray/Blue),Black,,03,CEL-SAM-003,,celular~samsung~a17-galaxy~8gb-256gb,,,,330,2026-09-10,,,hay foto; la planilla no la vende hoy
AT-0084,AT-0084-01,Celular,Samsung,Galaxy A27 6/128GB 5G (Black),Black,bla|black keys|negro|teclas negras,01,CEL-SAM-036,,celular~samsung~a27-galaxy~6gb-128gb-5g,,,,330,2026-09-10,,,
AT-0085,AT-0085-01,Celular,Samsung,Galaxy A37 8/256GB (Gray/Green/Violet),Gray,cinza|grey|gris,01,CEL-SAM-085,,celular~samsung~a37-galaxy~8gb-256gb,,,,420,2026-09-10,,,
AT-0085,AT-0085-02,Celular,Samsung,Galaxy A37 8/256GB (Gray/Green/Violet),Green,gre,02,CEL-SAM-085,,celular~samsung~a37-galaxy~8gb-256gb,,,,420,2026-09-10,,,
AT-0085,AT-0085-03,Celular,Samsung,Galaxy A37 8/256GB (Gray/Green/Violet),Violet,violeta,03,CEL-SAM-085,,celular~samsung~a37-galaxy~8gb-256gb,,,,420,2026-09-10,,,
AT-0085,AT-0085-04,Celular,Samsung,Galaxy A37 8/256GB (Gray/Green/Violet),Charcoal,,04,CEL-SAM-085,,celular~samsung~a37-galaxy~8gb-256gb,,,,420,2026-09-11,,,variante agregada el 2026-09-11
AT-0086,AT-0086-01,Celular,Samsung,Galaxy A56 12/256GB (Black/Green/Pink),Black,bla|black keys|negro|teclas negras,01,CEL-SAM-087,,celular~samsung~a56-galaxy~12gb-256gb,,,,465,2026-09-10,,,
AT-0086,AT-0086-02,Celular,Samsung,Galaxy A56 12/256GB (Black/Green/Pink),Green,gre,02,CEL-SAM-087,,celular~samsung~a56-galaxy~12gb-256gb,,,,465,2026-09-10,,,
AT-0086,AT-0086-03,Celular,Samsung,Galaxy A56 12/256GB (Black/Green/Pink),Pink,pin,03,CEL-SAM-087,,celular~samsung~a56-galaxy~12gb-256gb,,,,465,2026-09-10,,,
AT-0087,AT-0087-01,Celular,Samsung,Galaxy A56 8/256GB (Gray/Green),Gray,cinza|grey|gris,01,CEL-SAM-086,,celular~samsung~a56-galaxy~8gb-256gb,,,,430,2026-09-10,,,
AT-0087,AT-0087-02,Celular,Samsung,Galaxy A56 8/256GB (Gray/Green),Green,gre,02,CEL-SAM-086,,celular~samsung~a56-galaxy~8gb-256gb,,,,430,2026-09-10,,,
AT-0088,AT-0088-01,Celular,Samsung,Galaxy A57 8/128GB 5G (Gray),Gray,cinza|grey|gris,01,CEL-SAM-041,,celular~samsung~a57-galaxy~8gb-128gb-5g,,,,435,2026-09-10,,,
AT-0089,AT-0089-01,Celular,Samsung,Galaxy A57 8/256GB (Dark Blue),Dark Blue,,01,CEL-SAM-088,,celular~samsung~a57-galaxy~8gb-256gb,,,,465,2026-09-10,,,
AT-0090,AT-0090-01,Celular,Samsung,Galaxy S25 FE 256GB (Jetblack/Navy/Icyblue),Jetblack,jet black,01,CEL-SAM-063,,celular~samsung~fe-galaxy-s25~256gb,,,,635,2026-09-10,,,
AT-0090,AT-0090-02,Celular,Samsung,Galaxy S25 FE 256GB (Jetblack/Navy/Icyblue),Navy,,02,CEL-SAM-063,,celular~samsung~fe-galaxy-s25~256gb,,,,635,2026-09-10,,,
AT-0090,AT-0090-03,Celular,Samsung,Galaxy S25 FE 256GB (Jetblack/Navy/Icyblue),Icyblue,icy blue,03,CEL-SAM-063,,celular~samsung~fe-galaxy-s25~256gb,,,,635,2026-09-10,,,
AT-0091,AT-0091-01,Celular,Samsung,Galaxy S25 FE 512GB (White/Navy/Icyblue),White,blanco|teclas blancas|whi|whites,01,CEL-SAM-064,,celular~samsung~fe-galaxy-s25~512gb,,,,670,2026-09-10,,,
AT-0091,AT-0091-02,Celular,Samsung,Galaxy S25 FE 512GB (White/Navy/Icyblue),Navy,,02,CEL-SAM-064,,celular~samsung~fe-galaxy-s25~512gb,,,,670,2026-09-10,,,
AT-0091,AT-0091-03,Celular,Samsung,Galaxy S25 FE 512GB (White/Navy/Icyblue),Icyblue,icy blue,03,CEL-SAM-064,,celular~samsung~fe-galaxy-s25~512gb,,,,670,2026-09-10,,,
AT-0092,AT-0092-01,Celular,Samsung,Galaxy S25 Ultra 12/256GB 5G (Gray/Whitesilver/Silverblue),Gray,cinza|grey|gris,01,CEL-SAM-046,,celular~samsung~galaxy-s25-ultra~12gb-256gb-5g,,,,860,2026-09-10,,,
AT-0092,AT-0092-02,Celular,Samsung,Galaxy S25 Ultra 12/256GB 5G (Gray/Whitesilver/Silverblue),Whitesilver,,02,CEL-SAM-046,,celular~samsung~galaxy-s25-ultra~12gb-256gb-5g,,,,860,2026-09-10,,,
AT-0092,AT-0092-03,Celular,Samsung,Galaxy S25 Ultra 12/256GB 5G (Gray/Whitesilver/Silverblue),Silverblue,,03,CEL-SAM-046,,celular~samsung~galaxy-s25-ultra~12gb-256gb-5g,,,,860,2026-09-10,,,
AT-0093,AT-0093-01,Celular,Samsung,Galaxy S25 Ultra 12/512GB 5G (Gray/Whitesilver/Silverblue),Gray,cinza|grey|gris,01,CEL-SAM-047,,celular~samsung~galaxy-s25-ultra~12gb-512gb-5g,,,,950,2026-09-10,,,
AT-0093,AT-0093-02,Celular,Samsung,Galaxy S25 Ultra 12/512GB 5G (Gray/Whitesilver/Silverblue),Whitesilver,,02,CEL-SAM-047,,celular~samsung~galaxy-s25-ultra~12gb-512gb-5g,,,,950,2026-09-10,,,
AT-0093,AT-0093-03,Celular,Samsung,Galaxy S25 Ultra 12/512GB 5G (Gray/Whitesilver/Silverblue),Silverblue,,03,CEL-SAM-047,,celular~samsung~galaxy-s25-ultra~12gb-512gb-5g,,,,950,2026-09-10,,,
AT-0094,AT-0094-01,Celular,Samsung,Galaxy S25 Ultra 1TB (Gray/Whitesilver/Silverblue),Gray,cinza|grey|gris,01,CEL-SAM-070,,celular~samsung~galaxy-s25-ultra~1tb,,,,1005,2026-09-10,,,
AT-0094,AT-0094-02,Celular,Samsung,Galaxy S25 Ultra 1TB (Gray/Whitesilver/Silverblue),Whitesilver,,02,CEL-SAM-070,,celular~samsung~galaxy-s25-ultra~1tb,,,,1005,2026-09-10,,,
AT-0094,AT-0094-03,Celular,Samsung,Galaxy S25 Ultra 1TB (Gray/Whitesilver/Silverblue),Silverblue,,03,CEL-SAM-070,,celular~samsung~galaxy-s25-ultra~1tb,,,,1005,2026-09-10,,,
AT-0095,AT-0095-01,Celular,Samsung,Galaxy S26 12/512GB (Black/White/Skyblue),Black,bla|black keys|negro|teclas negras,01,CEL-SAM-053,,celular~samsung~galaxy-s26~12gb-512gb,,,,860,2026-09-10,,,
AT-0095,AT-0095-02,Celular,Samsung,Galaxy S26 12/512GB (Black/White/Skyblue),White,blanco|teclas blancas|whi|whites,02,CEL-SAM-053,,celular~samsung~galaxy-s26~12gb-512gb,,,,860,2026-09-10,,,
AT-0095,AT-0095-03,Celular,Samsung,Galaxy S26 12/512GB (Black/White/Skyblue),Skyblue,sky blue,03,CEL-SAM-053,,celular~samsung~galaxy-s26~12gb-512gb,,,,860,2026-09-10,,,
AT-0095,AT-0095-04,Celular,Samsung,Galaxy S26 12/512GB (Black/White/Skyblue),Violet,,04,CEL-SAM-053,,celular~samsung~galaxy-s26~12gb-512gb,,,,860,2026-09-10,,,hay foto; la planilla no la vende hoy
AT-0096,AT-0096-01,Celular,Samsung,Galaxy S26 256GB (Black),Black,bla|black keys|negro|teclas negras,01,CEL-SAM-068,,celular~samsung~galaxy-s26~256gb,,,,760,2026-09-10,,,
AT-0097,AT-0097-01,Celular,Samsung,Galaxy S26 FE 8/128GB (Graphite/Blueberry),Graphite,garphite|grafito,01,CEL-SAM-071,,celular~samsung~fe-galaxy-s26~8gb-128gb,,,,735,2026-09-10,,,
AT-0097,AT-0097-02,Celular,Samsung,Galaxy S26 FE 8/128GB (Graphite/Blueberry),Blueberry,,02,CEL-SAM-071,,celular~samsung~fe-galaxy-s26~8gb-128gb,,,,735,2026-09-10,,,
AT-0098,AT-0098-01,Celular,Samsung,Galaxy S26 FE 8/256GB (Graphite/Blueberry/Pistacho),Graphite,garphite|grafito,01,CEL-SAM-072,,celular~samsung~fe-galaxy-s26~8gb-256gb,,,,860,2026-09-10,,,
AT-0098,AT-0098-02,Celular,Samsung,Galaxy S26 FE 8/256GB (Graphite/Blueberry/Pistacho),Blueberry,,02,CEL-SAM-072,,celular~samsung~fe-galaxy-s26~8gb-256gb,,,,860,2026-09-10,,,
AT-0098,AT-0098-03,Celular,Samsung,Galaxy S26 FE 8/256GB (Graphite/Blueberry/Pistacho),Pistacho,,03,CEL-SAM-072,,celular~samsung~fe-galaxy-s26~8gb-256gb,,,,860,2026-09-10,,,
AT-0099,AT-0099-01,Celular,Samsung,Galaxy S26 FE 8/512GB (Graphite/Blueberry),Graphite,garphite|grafito,01,CEL-SAM-073,,celular~samsung~fe-galaxy-s26~8gb-512gb,,,,990,2026-09-10,,,
AT-0099,AT-0099-02,Celular,Samsung,Galaxy S26 FE 8/512GB (Graphite/Blueberry),Blueberry,,02,CEL-SAM-073,,celular~samsung~fe-galaxy-s26~8gb-512gb,,,,990,2026-09-10,,,
AT-0100,AT-0100-01,Celular,Samsung,Galaxy S26 Plus 256GB 5G (White),White,blanco|teclas blancas|whi|whites,01,CEL-SAM-050,,celular~samsung~galaxy-plus-s26~256gb-5g,,,,905,2026-09-10,,,
AT-0101,AT-0101-01,Celular,Samsung,Galaxy S26 Plus 512GB 5G (Black/Skyblue/Violet),Black,bla|black keys|negro|teclas negras,01,CEL-SAM-056,,celular~samsung~galaxy-plus-s26~512gb-5g,,,,1030,2026-09-10,,,
AT-0101,AT-0101-02,Celular,Samsung,Galaxy S26 Plus 512GB 5G (Black/Skyblue/Violet),Skyblue,sky blue,02,CEL-SAM-056,,celular~samsung~galaxy-plus-s26~512gb-5g,,,,1030,2026-09-10,,,
AT-0101,AT-0101-03,Celular,Samsung,Galaxy S26 Plus 512GB 5G (Black/Skyblue/Violet),Violet,violeta,03,CEL-SAM-056,,celular~samsung~galaxy-plus-s26~512gb-5g,,,,1030,2026-09-10,,,
AT-0102,AT-0102-01,Celular,Samsung,Galaxy S26 Ultra 16/1TB 5G (White/Skyblue),White,blanco|teclas blancas|whi|whites,01,CEL-SAM-054,,celular~samsung~galaxy-s26-ultra~16gb-1tb-5g,,,,1380,2026-09-10,,,
AT-0102,AT-0102-02,Celular,Samsung,Galaxy S26 Ultra 16/1TB 5G (White/Skyblue),Skyblue,sky blue,02,CEL-SAM-054,,celular~samsung~galaxy-s26-ultra~16gb-1tb-5g,,,,1380,2026-09-10,,,
AT-0102,AT-0102-03,Celular,Samsung,Galaxy S26 Ultra 16/1TB 5G (White/Skyblue),Black,,03,CEL-SAM-054,,celular~samsung~galaxy-s26-ultra~16gb-1tb-5g,,,,1380,2026-09-10,,,hay foto; la planilla no la vende hoy
AT-0102,AT-0102-04,Celular,Samsung,Galaxy S26 Ultra 16/1TB 5G (White/Skyblue),Violet,,04,CEL-SAM-054,,celular~samsung~galaxy-s26-ultra~16gb-1tb-5g,,,,1380,2026-09-10,,,hay foto; la planilla no la vende hoy
AT-0103,AT-0103-01,Celular,Samsung,Galaxy S26 Ultra 256GB 5G (Black/White/Skyblue/Violet),Black,bla|black keys|negro|teclas negras,01,CEL-SAM-057,,celular~samsung~galaxy-s26-ultra~256gb-5g,,,,1010,2026-09-10,,,
AT-0103,AT-0103-02,Celular,Samsung,Galaxy S26 Ultra 256GB 5G (Black/White/Skyblue/Violet),White,blanco|teclas blancas|whi|whites,02,CEL-SAM-057,,celular~samsung~galaxy-s26-ultra~256gb-5g,,,,1010,2026-09-10,,,
AT-0103,AT-0103-03,Celular,Samsung,Galaxy S26 Ultra 256GB 5G (Black/White/Skyblue/Violet),Skyblue,sky blue,03,CEL-SAM-057,,celular~samsung~galaxy-s26-ultra~256gb-5g,,,,1010,2026-09-10,,,
AT-0103,AT-0103-04,Celular,Samsung,Galaxy S26 Ultra 256GB 5G (Black/White/Skyblue/Violet),Violet,violeta,04,CEL-SAM-057,,celular~samsung~galaxy-s26-ultra~256gb-5g,,,,1010,2026-09-10,,,
AT-0104,AT-0104-01,Celular,Samsung,Galaxy Z Flip 8 512GB (Garphite),Graphite,garphite|grafito,01,CEL-SAM-077,,celular~samsung~8-flip-galaxy-z~512gb,,,,1180,2026-09-10,,,
AT-0105,AT-0105-01,Celular,Samsung,Galaxy Z Fold 8 256GB (Garphite),Graphite,garphite|grafito,01,CEL-SAM-078,,celular~samsung~8-fold-galaxy-z~256gb,,,,1530,2026-09-10,,,
AT-0106,AT-0106-01,Celular,Samsung,Galaxy Z Fold 8 512GB (Garphite),Graphite,garphite|grafito,01,CEL-SAM-076,,celular~samsung~8-fold-galaxy-z~512gb,,,,1700,2026-09-10,,,
AT-0107,AT-0107-01,Celular,Samsung,Galaxy Z Fold 8 Ultra 256GB,Cream,,01,CEL-SAM-079,,celular~samsung~8-fold-galaxy-ultra-z~256gb,,,,1755,2026-09-10,,,variante agregada el 2026-09-11
AT-0108,AT-0108-01,Celular,Samsung,Galaxy Z Fold 8 Ultra 512GB (Graphite/Violet),Graphite,garphite|grafito,01,CEL-SAM-080,,celular~samsung~8-fold-galaxy-ultra-z~512gb,,,,1930,2026-09-10,,,
AT-0108,AT-0108-02,Celular,Samsung,Galaxy Z Fold 8 Ultra 512GB (Graphite/Violet),Violet,violeta,02,CEL-SAM-080,,celular~samsung~8-fold-galaxy-ultra-z~512gb,,,,1930,2026-09-10,,,
AT-0109,AT-0109-01,Celular,Xiaomi,Poco C81 Pro 4/128GB (Gold/Green),Gold,,01,CEL-XIA-095,,celular~xiaomi~c81-poco-pro~4gb-128gb,,,,180,2026-09-10,,,
AT-0109,AT-0109-02,Celular,Xiaomi,Poco C81 Pro 4/128GB (Gold/Green),Green,gre,02,CEL-XIA-095,,celular~xiaomi~c81-poco-pro~4gb-128gb,,,,180,2026-09-10,,,
AT-0110,AT-0110-01,Celular,Xiaomi,Poco F6 8/256GB (Green),Green,gre,01,CEL-XIA-105,,celular~xiaomi~f6-poco~8gb-256gb,,,,305,2026-09-10,,,
AT-0111,AT-0111-01,Celular,Xiaomi,Poco F6 Pro 12/256GB (Black),Black,bla|black keys|negro|teclas negras,01,CEL-XIA-106,,celular~xiaomi~f6-poco-pro~12gb-256gb,,,,375,2026-09-10,,,
AT-0112,AT-0112-01,Celular,Xiaomi,Poco X8 Pro 8/256GB 5G (Green),Green,gre,01,CEL-XIA-096,,celular~xiaomi~poco-pro-x8~8gb-256gb-5g,,,,445,2026-09-10,,,
AT-0113,AT-0113-01,Celular,Xiaomi,Poco X8 Pro 8/512GB 5G (Green),Green,gre,01,CEL-XIA-097,,celular~xiaomi~poco-pro-x8~8gb-512gb-5g,,,,475,2026-09-10,,,
AT-0114,AT-0114-01,Celular,Xiaomi,Poco X8 Pro Max 12/256GB 5G (White),White,blanco|teclas blancas|whi|whites,01,CEL-XIA-098,,celular~xiaomi~max-poco-pro-x8~12gb-256gb-5g,,,,550,2026-09-10,,,
AT-0115,AT-0115-01,Celular,Xiaomi,Poco X8 Pro Max 12/512GB 5G (Blue),Blue,blu,01,CEL-XIA-099,,celular~xiaomi~max-poco-pro-x8~12gb-512gb-5g,,,,600,2026-09-10,,,
AT-0116,AT-0116-01,Celular,Xiaomi,Redmi 15C 4/128GB (Black/Green),Black,bla|black keys|negro|teclas negras,01,CEL-XIA-088,,celular~xiaomi~15c-redmi~4gb-128gb,,,,200,2026-09-10,,,
AT-0116,AT-0116-02,Celular,Xiaomi,Redmi 15C 4/128GB (Black/Green),Green,gre,02,CEL-XIA-088,,celular~xiaomi~15c-redmi~4gb-128gb,,,,200,2026-09-10,,,
AT-0117,AT-0117-01,Celular,Xiaomi,Redmi Note 13 6/128GB (Black/Blue/Green),Black,bla|black keys|negro|teclas negras,01,CEL-XIA-102,,celular~xiaomi~13-note-redmi~6gb-128gb,,,,190,2026-09-10,,,
AT-0117,AT-0117-02,Celular,Xiaomi,Redmi Note 13 6/128GB (Black/Blue/Green),Blue,blu,02,CEL-XIA-102,,celular~xiaomi~13-note-redmi~6gb-128gb,,,,190,2026-09-10,,,
AT-0117,AT-0117-03,Celular,Xiaomi,Redmi Note 13 6/128GB (Black/Blue/Green),Green,gre,03,CEL-XIA-102,,celular~xiaomi~13-note-redmi~6gb-128gb,,,,190,2026-09-10,,,
AT-0118,AT-0118-01,Celular,Xiaomi,Redmi Note 15 8/256GB (Black),black,bla|black keys|negro|teclas negras,01,CEL-XIA-094,,celular~xiaomi~15-note-redmi~8gb-256gb,,,,280,2026-09-10,,,
AT-0119,AT-0119-01,Celular,Xiaomi,Redmi Note 15 Pro 12/512GB (Black/Purple),Black,bla|black keys|negro|teclas negras,01,CEL-XIA-093,,celular~xiaomi~15-note-pro-redmi~12gb-512gb,,,,375,2026-09-10,,,
AT-0119,AT-0119-02,Celular,Xiaomi,Redmi Note 15 Pro 12/512GB (Black/Purple),Purple,pur,02,CEL-XIA-093,,celular~xiaomi~15-note-pro-redmi~12gb-512gb,,,,375,2026-09-10,,,
AT-0120,AT-0120-01,Celular,Xiaomi,Redmi Note 15 Pro 8/256GB (Black),black,bla|black keys|negro|teclas negras,01,CEL-XIA-092,,celular~xiaomi~15-note-pro-redmi~8gb-256gb,,,,340,2026-09-10,,,
AT-0121,AT-0121-01,Celular,Xiaomi,Redmi Note 15 Pro Plus 12/512GB 5G (Blue),Blue,blu,01,CEL-XIA-107,,celular~xiaomi~15-note-plus-pro-redmi~12gb-512gb-5g,,,,490,2026-09-10,,,
AT-0122,AT-0122-01,Celular,Xiaomi,Redmi Note 15 Pro Plus 8/256GB 5G (Black/Blue),Black,bla|black keys|negro|teclas negras,01,CEL-XIA-103,,celular~xiaomi~15-note-plus-pro-redmi~8gb-256gb-5g,,,,425,2026-09-10,,,
AT-0122,AT-0122-02,Celular,Xiaomi,Redmi Note 15 Pro Plus 8/256GB 5G (Black/Blue),Blue,blu,02,CEL-XIA-103,,celular~xiaomi~15-note-plus-pro-redmi~8gb-256gb-5g,,,,425,2026-09-10,,,
AT-0122,AT-0122-03,Celular,Xiaomi,Redmi Note 15 Pro Plus 8/256GB 5G (Black/Blue),Brown,,03,CEL-XIA-103,,celular~xiaomi~15-note-plus-pro-redmi~8gb-256gb-5g,,,,425,2026-09-10,,,hay foto; la planilla no la vende hoy
AT-0123,AT-0123,Consola,Meta,Quest 3 512GB,,,,CON-MET-002,,consola~meta~3-quest~512gb,,,,730,2026-09-10,,,
AT-0124,AT-0124,Consola,Meta,Quest 3S 128GB,,,,CON-MET-006,,consola~meta~3s-quest~128gb,,,,495,2026-09-10,,,
AT-0125,AT-0125,Consola,Meta,Quest 3S 128GB + Batman,,,,CON-MET-007,,consola~meta~3s-batman-quest~128gb,,,,520,2026-09-10,,,
AT-0126,AT-0126,Consola,Meta,Quest 3S 256GB,,,,CON-MET-001,,consola~meta~3s-quest~256gb,,,,585,2026-09-10,,,
AT-0127,AT-0127,Consola,Meta,Quest 3S 256GB + Batman,,,,CON-MET-009,,consola~meta~3s-batman-quest~256gb,,,,610,2026-09-10,,,
AT-0128,AT-0128,Consola,Microsoft,Xbox Series S 1TB,,,,CON-MIC-007,,consola~microsoft~s-series-xbox~1tb,,,,700,2026-09-10,,,
AT-0129,AT-0129,Consola,Microsoft,Xbox Series S 512gb,,,,CON-MIC-006,,consola~microsoft~s-series-xbox~512gb,,,,630,2026-09-10,,,
AT-0130,AT-0130-01,Consola,Microsoft,Xbox Series X 1tb (Black),Black,bla|black keys|negro|teclas negras,01,CON-MIC-009,,consola~microsoft~series-x-xbox~1tb,,,,1110,2026-09-10,,,
AT-0131,AT-0131-01,Consola,Microsoft,Xbox Series X 1TB Digital (White),White,blanco|teclas blancas|whi|whites,01,CON-MIC-008,,consola~microsoft~digital-series-x-xbox~1tb,,,,1000,2026-09-10,,,
AT-0132,AT-0132,Consola,Nintendo,Switch 2,,,,CON-NIN-001,,consola~nintendo~2-switch,,,,610,2026-09-10,,,
AT-0133,AT-0133,Consola,Nintendo,Switch 2 (Choose One),,,,CON-NIN-002,,consola~nintendo~2-choose-one-switch,,,,730,2026-09-10,,,
AT-0134,AT-0134,Consola,Nintendo,Switch 2 + Mario Kart,,,,CON-NIN-003,,consola~nintendo~2-kart-mario-switch,,,,700,2026-09-10,,,
AT-0135,AT-0135,Consola,Sony,PlayStation 5 Digital 825GB,,,,CON-SON-010,,consola~sony~5-digital-playstation~825gb,,,,760,2026-09-10,,,
AT-0136,AT-0136,Consola,Sony,PlayStation 5 Física 1tb,,,,CON-SON-003,,consola~sony~5-fisica-playstation~1tb,,,,805,2026-09-10,,,
AT-0137,AT-0137,Consola,Sony,PlayStation 5 Pro 2tb,,,,CON-SON-011,,consola~sony~5-playstation-pro~2tb,,,,1300,2026-09-10,,,
AT-0138,AT-0138,Cámara,Canon,Eor R7 Kit 18-150,,,,CAM-CAN-006,,camara~canon~18-150-eor-r7~kit,,,,1980,2026-09-10,,,
AT-0139,AT-0139,Cámara,Canon,EOS 2000D Kit 18-55 III (T7),,,,CAM-CAN-018,,camara~canon~18-55-2000d-eos-iii-t7~kit,,,,528,2026-09-10,,,
AT-0140,AT-0140,Cámara,Canon,EOS 4000D Kit 18-55 III (T100),,,,CAM-CAN-020,,camara~canon~18-55-4000d-eos-iii~kit,,,,649,2026-09-10,,,
AT-0141,AT-0141,Cámara,Canon,EOS 5D Mark IV Body,,,,CAM-CAN-021,,camara~canon~5d-eos-iv-mark~body,,,,2068,2026-09-10,,,
AT-0142,AT-0142,Cámara,Canon,EOS R1 Body,,,,CAM-CAN-016,,camara~canon~eos-r1~body,,,,6270,2026-09-10,,,
AT-0143,AT-0143,Cámara,Canon,EOS R10 18-150 Kit,,,,CAM-CAN-034,,camara~canon~18-150-eos-r10~kit,,,,1397,2026-09-10,,,
AT-0144,AT-0144,Cámara,Canon,EOS R10 Body,,,,CAM-CAN-004,,camara~canon~eos-r10~body,,,,1045,2026-09-10,,,
AT-0145,AT-0145,Cámara,Canon,EOS R100 Kit 18-45 / 55-210,,,,CAM-CAN-028,,camara~canon~18-45-55-210-eos-r100~kit,,,,979,2026-09-10,,,
AT-0146,AT-0146,Cámara,Canon,EOS R3 Body,,,,CAM-CAN-015,,camara~canon~eos-r3~body,,,,4620,2026-09-10,,,
AT-0147,AT-0147,Cámara,Canon,EOS R5 Body,,,,CAM-CAN-009,,camara~canon~eos-r5~body,,,,3245,2026-09-10,,,
AT-0148,AT-0148,Cámara,Canon,EOS R5 C Cinema,,,,CAM-CAN-010,,camara~canon~c-cinema-eos-r5,,,,3289,2026-09-10,,,
AT-0149,AT-0149,Cámara,Canon,EOS R5 Mark II Body,,,,CAM-CAN-012,,camara~canon~eos-ii-mark-r5~body,,,,4070,2026-09-10,,,
AT-0150,AT-0150,Cámara,Canon,EOS R6 Mark III 24-105 F/4 L USM,,,,CAM-CAN-036,,camara~canon~24-105-4-eos-f-iii-l-mark-r6-usm,,,,4015,2026-09-10,,,
AT-0151,AT-0151,Cámara,Canon,EOS R6 Mark III Body,,,,CAM-CAN-008,,camara~canon~eos-iii-mark-r6~body,,,,3135,2026-09-10,,,
AT-0152,AT-0152,Cámara,Canon,EOS R6 Mark III Kit 24-105 F4-7.1 IS STM,,,,CAM-CAN-011,,camara~canon~24-105-eos-f4-7.1-iii-is-mark-r6-stm~kit,,,,3520,2026-09-10,,,
AT-0153,AT-0153,Cámara,Canon,EOS R6 V Body (Video),,,,CAM-CAN-037,,camara~canon~eos-r6-v-video~body,,,,3135,2026-09-10,,,
AT-0154,AT-0154,Cámara,Canon,EOS R6 V Kit 20-50 F/4USM PZ (Video),,,,CAM-CAN-014,,camara~canon~20-50-4usm-eos-f-pz-r6-v-video~kit,,,,4235,2026-09-10,,,
AT-0155,AT-0155,Cámara,Canon,EOS RP 24-105 F/4-7.1 IS STM Kit,,,,CAM-CAN-032,,camara~canon~24-105-4-7.1-eos-f-is-rp-stm~kit,,,,1430,2026-09-10,,,
AT-0156,AT-0156,Cámara,Canon,EOS RP Body,,,,CAM-CAN-003,,camara~canon~eos-rp~body,,,,825,2026-09-10,,,
AT-0157,AT-0157-01,Cámara,Canon,PowerShot G7 X Mark III (BLA),BLA,black|black keys|negro|teclas negras,01,CAM-CAN-024,,camara~canon~g7-iii-mark-powershot-x,,,,1760,2026-09-10,,,
AT-0158,AT-0158-01,Cámara,Canon,PowerShot SX740 (Silver),SILVER,sil,01,CAM-CAN-022,,camara~canon~powershot-sx740,,,,990,2026-09-10,,,
AT-0159,AT-0159-01,Cámara,Fujifilm,Instax Mini 12 (Pin/WHI/Pur/Gre/Blu),PIN,pink,01,CAM-FUJ-001,,camara~fujifilm~12-instax-mini,,,,127,2026-09-10,,,
AT-0159,AT-0159-02,Cámara,Fujifilm,Instax Mini 12 (Pin/WHI/Pur/Gre/Blu),WHI,blanco|teclas blancas|white|whites,02,CAM-FUJ-001,,camara~fujifilm~12-instax-mini,,,,127,2026-09-10,,,
AT-0159,AT-0159-03,Cámara,Fujifilm,Instax Mini 12 (Pin/WHI/Pur/Gre/Blu),PUR,purple,03,CAM-FUJ-001,,camara~fujifilm~12-instax-mini,,,,127,2026-09-10,,,
AT-0159,AT-0159-04,Cámara,Fujifilm,Instax Mini 12 (Pin/WHI/Pur/Gre/Blu),GRE,green,04,CAM-FUJ-001,,camara~fujifilm~12-instax-mini,,,,127,2026-09-10,,,
AT-0159,AT-0159-05,Cámara,Fujifilm,Instax Mini 12 (Pin/WHI/Pur/Gre/Blu),BLU,blue,05,CAM-FUJ-001,,camara~fujifilm~12-instax-mini,,,,127,2026-09-10,,,
AT-0160,AT-0160,Cámara,Nikon,Z30 Kit 16-50 Mm,,,,CAM-NIK-001,,camara~nikon~16-50-mm-z30~kit,,,,935,2026-09-10,,,
AT-0161,AT-0161,Cámara,Nikon,Z30 Kit 16-50/50-250 VR II,,,,CAM-NIK-003,,camara~nikon~16-50-50-250-ii-vr-z30~kit,,,,1265,2026-09-10,,,
AT-0162,AT-0162,Cámara,Nikon,Z30 Kit 18-140 VR,,,,CAM-NIK-002,,camara~nikon~18-140-vr-z30~kit,,,,1100,2026-09-10,,,
AT-0163,AT-0163,Cámara,Nikon,Z6 II Body (Ingles),,,,CAM-NIK-004,,camara~nikon~ii-z6~body-tecladoen,,,,1925,2026-09-10,,,
AT-0164,AT-0164,Cámara,Nikon,Z6 III Body (Español),,,,CAM-NIK-020,,camara~nikon~iii-z6~body-tecladoes,,,,2640,2026-09-10,,,
AT-0165,AT-0165,Cámara,Nikon,Z6 III Body (Ingles),,,,CAM-NIK-015,,camara~nikon~iii-z6~body-tecladoen,,,,2530,2026-09-10,,,
AT-0166,AT-0166,Cámara,Nikon,Z6 III Kit 24-120MM (Ingles),,,,CAM-NIK-016,,camara~nikon~24-120mm-iii-z6~kit-tecladoen,,,,3410,2026-09-10,,,
AT-0167,AT-0167,Cámara,Nikon,Z7 II Body Español,,,,CAM-NIK-006,,camara~nikon~ii-z7~body-tecladoes,,,,2310,2026-09-10,,,
AT-0168,AT-0168,Cámara,Nikon,Z8 Body,,,,CAM-NIK-010,,camara~nikon~z8~body,,,,3850,2026-09-10,,,
AT-0169,AT-0169,Cámara,Nikon,Z8 Kit 24-120,,,,CAM-NIK-017,,camara~nikon~24-120-z8~kit,,,,4400,2026-09-10,,,
AT-0170,AT-0170,Cámara,Nikon,ZR 6K Cinema,,,,CAM-NIK-009,,camara~nikon~6k-cinema-zr,,,,2640,2026-09-10,,,
AT-0171,AT-0171,Cámara,Sony,Alfa 1 II Body,,,,CAM-SON-023,,camara~sony~1-alfa-ii~body,,,,6545,2026-09-10,,,
AT-0172,AT-0172,Cámara,Sony,Alfa 6400 Kit 16-50 II,,,,CAM-SON-032,,camara~sony~16-50-6400-alfa-ii~kit,,,,1155,2026-09-10,,,
AT-0173,AT-0173,Cámara,Sony,Alfa 7 Cii Body,,,,CAM-SON-009,,camara~sony~7-alfa-cii~body,,,,2035,2026-09-10,,,
AT-0174,AT-0174-01,Cámara,Sony,Alfa 7 III Body (Black),BLACK,bla|black keys|negro|teclas negras,01,CAM-SON-006,,camara~sony~7-alfa-iii~body,,,,1430,2026-09-10,,,
AT-0175,AT-0175,Cámara,Sony,Alfa 7 III Kit 28-70,,,,CAM-SON-027,,camara~sony~28-70-7-alfa-iii~kit,,,,1705,2026-09-10,,,
AT-0176,AT-0176,Cámara,Sony,Alfa 7 IV Kit 28-70,,,,CAM-SON-010,,camara~sony~28-70-7-alfa-iv~kit,,,,2585,2026-09-10,,,
AT-0177,AT-0177,Cámara,Sony,Alfa 7 V Body,,,,CAM-SON-015,,camara~sony~7-alfa-v~body,,,,2640,2026-09-10,,,
AT-0178,AT-0178,Cámara,Sony,Alfa 7 V Kit 28-70,,,,CAM-SON-017,,camara~sony~28-70-7-alfa-v~kit,,,,3025,2026-09-10,,,
AT-0179,AT-0179,Cámara,Sony,Alfa 7C Body,,,,CAM-SON-005,,camara~sony~7c-alfa~body,,,,1529,2026-09-10,,,
AT-0180,AT-0180-01,Cámara,Sony,Alfa 7CR Body (Black/Silver),BLACK,bla|black keys|negro|teclas negras,01,CAM-SON-013,,camara~sony~7cr-alfa~body,,,,2530,2026-09-10,,,
AT-0180,AT-0180-02,Cámara,Sony,Alfa 7CR Body (Black/Silver),SILVER,sil,02,CAM-SON-013,,camara~sony~7cr-alfa~body,,,,2530,2026-09-10,,,
AT-0181,AT-0181,Cámara,Sony,Alfa 7R III Body,,,,CAM-SON-008,,camara~sony~7r-alfa-iii~body,,,,1815,2026-09-10,,,
AT-0182,AT-0182-01,Cámara,Sony,Alfa 7R IV Body (Black),BLACK,bla|black keys|negro|teclas negras,01,CAM-SON-012,,camara~sony~7r-alfa-iv~body,,,,2497,2026-09-10,,,
AT-0183,AT-0183,Cámara,Sony,Alfa 7R V Body,,,,CAM-SON-018,,camara~sony~7r-alfa-v~body,,,,3355,2026-09-10,,,
AT-0184,AT-0184,Cámara,Sony,Alfa 7R VI Body,,,,CAM-SON-020,,camara~sony~7r-alfa-vi~body,,,,4642,2026-09-10,,,
AT-0185,AT-0185-01,Cámara,Sony,Alfa 7S III Body (Black),BLACK,bla|black keys|negro|teclas negras,01,CAM-SON-016,,camara~sony~7s-alfa-iii~body,,,,2915,2026-09-10,,,
AT-0186,AT-0186,Cámara,Sony,Alfa 9 MK III,,,,CAM-SON-021,,camara~sony~9-alfa-iii-mk,,,,5500,2026-09-10,,,
AT-0187,AT-0187,Cámara,Sony,DSC RX100 VII,,,,CAM-SON-024,,camara~sony~dsc-rx100-vii,,,,1540,2026-09-10,,,
AT-0188,AT-0188,Cámara,Sony,FX2 Body,,,,CAM-SON-014,,camara~sony~fx2~body,,,,2805,2026-09-10,,,
AT-0189,AT-0189,Cámara,Sony,FX3 Body,,,,CAM-SON-019,,camara~sony~fx3~body,,,,4015,2026-09-10,,,
AT-0190,AT-0190,Cámara,Sony,FX30 Body,,,,CAM-SON-007,,camara~sony~fx30~body,,,,2035,2026-09-10,,,
AT-0191,AT-0191,Cámara,Sony,FX6 V,,,,CAM-SON-022,,camara~sony~fx6-v,,,,5940,2026-09-10,,,
AT-0192,AT-0192-01,Cámara,Sony,ZV-E10 II Body (WHI),WHI,blanco|teclas blancas|white|whites,01,CAM-SON-003,,camara~sony~ii-zv-e10~body,,,,1089,2026-09-10,,,
AT-0193,AT-0193,Cámara de Acción,DJI,Osmo Action 6 Standard Combo,,,,CAM-DJI-005,,camara-de-accion~dji~6-action-combo-osmo-standard,,,,660,2026-09-10,,,
AT-0194,AT-0194,Cámara de Acción,DJI,Osmo Nano 64GB,,,,CAM-DJI-002,,camara-de-accion~dji~nano-osmo~64gb,,,,495,2026-09-10,,,
AT-0195,AT-0195,Cámara de Acción,DJI,Osmo Nano Standard Combo 124GB,,,,CAM-DJI-003,,camara-de-accion~dji~combo-nano-osmo-standard~124gb,,,,561,2026-09-10,,,
AT-0196,AT-0196,Cámara de Acción,GoPro,Go Pro Hero 12 Black Special Bundle,,,,CAM-GOP-003,,camara-de-accion~gopro~12-bundle-go-hero-pro-special,,,,501,2026-09-10,,,
AT-0197,AT-0197,Cámara de Acción,GoPro,Go Pro Hero 13 Black,,,,CAM-GOP-002,,camara-de-accion~gopro~13-go-hero-pro,,,,451,2026-09-10,,,
AT-0198,AT-0198,Cámara de Acción,GoPro,Go Pro Mission 1 Sensor 8K,,,,CAM-GOP-005,,camara-de-accion~gopro~1-8k-go-mission-pro-sensor,,,,946,2026-09-10,,,
AT-0199,AT-0199,Cámara de Acción,Insta360,Insta 360 Ace Pro,,,,CAM-INS-001,,camara-de-accion~insta360~360-ace-insta-pro,,,,495,2026-09-10,,,
AT-0200,AT-0200,Cámara de Acción,Insta360,Insta 360 X5 Bundle (Stick+2 Bater + Tapa Lente),,,,CAM-INS-003,,camara-de-accion~insta360~2-360-bater-bundle-insta-lente-stick-tapa-x5,,,,869,2026-09-10,,,
AT-0201,AT-0201-01,Desktop,Apple,"iMac 24"" 4.5K Retina M4 16GB/256GB (Blue)",Blue,blu,01,PC-APP-013,,desktop~apple~4.5k-imac-m4-retina~24in-16gb-256gb,,,,2068,2026-09-10,,,
AT-0202,AT-0202,Desktop,Apple,Mac Mini M4 16GB/256GB,,,,PC-APP-001,,desktop~apple~m4-mac-mini~16gb-256gb,,,,891,2026-09-10,,,
AT-0203,AT-0203,Desktop,Apple,Mac Mini M4 16GB/512GB,,,,PC-APP-002,,desktop~apple~m4-mac-mini~16gb-512gb,,,,1089,2026-09-10,,,
AT-0204,AT-0204,Desktop,Apple,Mac Mini M4 Pro 24GB/512GB,,,,PC-APP-004,,desktop~apple~m4pro-mac-mini~24gb-512gb,,,,2145,2026-09-10,,,
AT-0205,AT-0205,Drone,Antigravity,Drone Antigravity A1 Explorer 8K 360 Bundle,,,,DRO-ANT-001,,drone~antigravity~360-8k-a1-antigravity-bundle-drone-explorer,,,,1870,2026-09-10,,,
AT-0206,AT-0206,Drone,DJI,Drone DJI Avata Pro View (Solo Drone),,,,DRO-DJI-002,,drone~dji~avata-dji-drone-pro-solo-view,,,,770,2026-09-10,,,
AT-0207,AT-0207,Drone,DJI,Drone DJI Mavic 4 Pro + Creator Combo 512GB,,,,DRO-DJI-012,,drone~dji~4-combo-creator-dji-drone-mavic-pro~512gb,,,,4290,2026-09-10,,,
AT-0208,AT-0208,Drone,DJI,Drone DJI Mini 5 Pro,,,,DRO-DJI-001,,drone~dji~5-dji-drone-mini-pro,,,,1320,2026-09-10,,,
AT-0209,AT-0209,Drone,DJI,Drone DJI Mini 5 Pro (Rc 2) + Combo More Fly,,,,DRO-DJI-010,,drone~dji~2-5-combo-dji-drone-fly-mini-more-pro-rc,,,,1375,2026-09-10,,,
AT-0210,AT-0210,Drone,DJI,Drone DJI Mini 5 Pro (Rc 2) + Combo More Fly Plus,,,,DRO-DJI-011,,drone~dji~2-5-combo-dji-drone-fly-mini-more-plus-pro-rc,,,,1430,2026-09-10,,,
AT-0211,AT-0211,Drone,DJI,Drone DJI Mini 5 Pro (Rc-N3),,,,DRO-DJI-009,,drone~dji~5-dji-drone-mini-pro-rc-n3,,,,1135,2026-09-10,,,
AT-0212,AT-0212-01,E-Reader,Amazon,Kindle Gen 11 16GB (Black),Black,bla|black keys|negro|teclas negras,01,ERD-AMZ-004,ERD-AMZ-007,e-reader~amazon~11-gen-kindle~16gb,e-reader~amazon~kindle-touch~16gb,Kindle Touch (2024) 16GB (Black),,215,2026-09-10,,,
AT-0213,AT-0213-01,E-Reader,Amazon,Kindle Paperwhite Gen 12 16GB (Black),Black,bla|black keys|negro|teclas negras,01,ERD-AMZ-005,,e-reader~amazon~12-gen-kindle-paperwhite~16gb,,,,235,2026-09-10,,,
AT-0214,AT-0214-01,E-Reader,Amazon,Kindle Paperwhite Gen 12 32GB Signature Edition (Metallic Black),Metallic Black,,01,ERD-AMZ-006,,e-reader~amazon~12-edition-gen-kindle-paperwhite-signature~32gb,,,,275,2026-09-10,,,
AT-0215,AT-0215,Filmadora,Canon,HFG70 Vixia UHD 4K Camcoder,,,,FIL-CAN-001,,filmadora~canon~4k-camcoder-hfg70-uhd-vixia,,,,1419,2026-09-10,,,
AT-0216,AT-0216,Filmadora,Panasonic,AG-CX20 4K,,,,FIL-PAN-004,,filmadora~panasonic~4k-ag-cx20,,,,2750,2026-09-10,,,
AT-0217,AT-0217,Filmadora,Panasonic,HC X1200 4K HDMI 24X,,,,FIL-PAN-006,,filmadora~panasonic~24x-4k-hc-hdmi-x1200,,,,1749,2026-09-10,,,
AT-0218,AT-0218,Filmadora,Panasonic,HC X2100 4K UHD 3G/SDI/HDMI Pro With 24X,,,,FIL-PAN-003,,filmadora~panasonic~24x-3g-4k-hc-hdmi-pro-sdi-uhd-with-x2100,,,,2475,2026-09-10,,,
AT-0219,AT-0219,Filmadora,Panasonic,HC-V900 HD Camcorder HD 24X Zoom,,,,FIL-PAN-001,,filmadora~panasonic~24x-camcorder-hc-v900-hd-zoom,,,,869,2026-09-10,,,
AT-0220,AT-0220,Filmadora,Panasonic,HC-VX3 UHD Camcorder 4K 24X Zoom,,,,FIL-PAN-002,,filmadora~panasonic~24x-4k-camcorder-hc-vx3-uhd-zoom,,,,1045,2026-09-10,,,
AT-0221,AT-0221,Filmadora,Sony,"HXR-NX800 4K 1""CMOS Sensor NXCAM",,,,FIL-SON-001,,filmadora~sony~1incmos-4k-hxr-nx800-nxcam-sensor,,,,4015,2026-09-10,,,
AT-0222,AT-0222,Filmadora,Sony,"PXW Z200 4K 1""CMOS Sensor XDCAM",,,,FIL-SON-002,,filmadora~sony~1incmos-4k-pxw-sensor-xdcam-z200,,,,5038,2026-09-10,,,
AT-0223,AT-0223,Lente,Canon,EF 16-35mm F/4L IS USM,,,,LEN-CAN-017,,lente~canon~4l-ef-f~16-35-is-usm,,,,1100,2026-09-10,,,
AT-0224,AT-0224,Lente,Canon,EF 24-70mm F/2.8 II USM,,,,LEN-CAN-027,,lente~canon~ef-ii~24-70-f2.8-usm,,,,2189,2026-09-10,,,
AT-0225,AT-0225,Lente,Canon,EF 50mm F/1.4 USM,,,,LEN-CAN-039,,lente~canon~ef~50-f1.4-usm,,,,385,2026-09-10,,,
AT-0226,AT-0226,Lente,Canon,EF S 10-18mm F/4.5-5.6 IS STM,,,,LEN-CAN-047,,lente~canon~5.6-ef-s~10-18-f4.5-is-stm,,,,248,2026-09-10,,,
AT-0227,AT-0227,Lente,Canon,EF S 18-135mm F/3.5-5.6 IS USM,,,,LEN-CAN-056,,lente~canon~5.6-ef-s~18-135-f3.5-is-usm,,,,495,2026-09-10,,,
AT-0228,AT-0228,Lente,Canon,EF S 24mm F/2.8 STM,,,,LEN-CAN-038,,lente~canon~ef-s~24-f2.8-stm,,,,209,2026-09-10,,,
AT-0229,AT-0229,Lente,Canon,RF 1.4X Extender,,,,LEN-CAN-009,ACC-CAN-015,lente~canon~1.4x-extender-rf,accesorio-camara~canon~1.4x-extender-rf,,Accesorio Cámara,605,2026-09-10,,,
AT-0230,AT-0230,Lente,Canon,RF 10-20mm F/4 STM,,,,LEN-CAN-031,,lente~canon~rf~10-20-f4-stm,,,,2530,2026-09-10,,,
AT-0231,AT-0231,Lente,Canon,RF 100-400mm F/5.6-8 IS USM,,,,LEN-CAN-016,,lente~canon~8-rf~100-400-f5.6-is-usm,,,,935,2026-09-10,,,
AT-0232,AT-0232,Lente,Canon,RF 100mm F/2.8 L Macro IS USM,,,,LEN-CAN-022,,lente~canon~l-macro-rf~100-f2.8-is-usm,,,,1749,2026-09-10,,,
AT-0233,AT-0233,Lente,Canon,RF 135mm F/1.8 IS USM,,,,LEN-CAN-030,,lente~canon~rf~135-f1.8-is-usm,,,,2420,2026-09-10,,,
AT-0234,AT-0234,Lente,Canon,RF 14-35mm F/4L IS USM,,,,LEN-CAN-044,,lente~canon~4l-f-rf~14-35-is-usm,,,,1540,2026-09-10,,,
AT-0235,AT-0235,Lente,Canon,RF 15-30mm F/4.5-6.3 IS,,,,LEN-CAN-007,,lente~canon~6.3-rf~15-30-f4.5-is,,,,462,2026-09-10,,,
AT-0236,AT-0236,Lente,Canon,RF 15-35mm F/2.8 IS USM,,,,LEN-CAN-058,,lente~canon~rf~15-35-f2.8-is-usm,,,,2365,2026-09-10,,,
AT-0237,AT-0237,Lente,Canon,RF 16-28mm F/2.8 IS STM,,,,LEN-CAN-020,,lente~canon~rf~16-28-f2.8-is-stm,,,,1287,2026-09-10,,,
AT-0238,AT-0238,Lente,Canon,RF 16mm F/2.8 STM,,,,LEN-CAN-003,,lente~canon~rf~16-f2.8-stm,,,,319,2026-09-10,,,
AT-0239,AT-0239,Lente,Canon,RF 2.0X Extender,,,,LEN-CAN-043,ACC-CAN-016,lente~canon~2.0x-extender-rf,accesorio-camara~canon~2.0x-extender-rf,,Accesorio Cámara,715,2026-09-10,,,
AT-0240,AT-0240,Lente,Canon,RF 200-800mm F/6.3-9 IS USM,,,,LEN-CAN-052,,lente~canon~9-rf~200-800-f6.3-is-usm,,,,2585,2026-09-10,,,
AT-0241,AT-0241,Lente,Canon,RF 20mm F/1.4 L Vcm,,,,LEN-CAN-026,,lente~canon~l-rf-vcm~20-f1.4,,,,2035,2026-09-10,,,
AT-0242,AT-0242,Lente,Canon,RF 24-105mm F/4 IS USM White Box,,,,LEN-CAN-049,,lente~canon~box-rf~24-105-f4-is-usm,,,,1749,2026-09-10,,,
AT-0243,AT-0243,Lente,Canon,RF 24-105mm F/4-7.1 IS STM,,,,LEN-CAN-008,,lente~canon~7.1-rf~24-105-f4-is-stm,,,,572,2026-09-10,,,
AT-0244,AT-0244,Lente,Canon,RF 24-240mm F/4-6.3 IS USM,,,,LEN-CAN-019,,lente~canon~6.3-rf~24-240-f4-is-usm,,,,1265,2026-09-10,,,
AT-0245,AT-0245,Lente,Canon,RF 24-70mm F/2.8 IS USM,,,,LEN-CAN-050,,lente~canon~rf~24-70-f2.8-is-usm,,,,2695,2026-09-10,,,
AT-0246,AT-0246,Lente,Canon,RF 24mm F/1.4 Vcm,,,,LEN-CAN-025,,lente~canon~rf-vcm~24-f1.4,,,,1914,2026-09-10,,,
AT-0247,AT-0247,Lente,Canon,RF 24mm F/1.8 Macro IS STM,,,,LEN-CAN-011,,lente~canon~macro-rf~24-f1.8-is-stm,,,,627,2026-09-10,,,
AT-0248,AT-0248,Lente,Canon,RF 28-70mm F/2 L USM,,,,LEN-CAN-034,,lente~canon~l-rf~28-70-f2-usm,,,,3388,2026-09-10,,,
AT-0249,AT-0249,Lente,Canon,RF 28-70mm F/2.8 STM,,,,LEN-CAN-057,,lente~canon~rf~28-70-f2.8-stm,,,,1485,2026-09-10,,,
AT-0250,AT-0250,Lente,Canon,RF 28mm F/2.8,,,,LEN-CAN-004,,lente~canon~rf~28-f2.8,,,,330,2026-09-10,,,
AT-0251,AT-0251,Lente,Canon,RF 35mm F/1.4 L Vcm,,,,LEN-CAN-024,,lente~canon~l-rf-vcm~35-f1.4,,,,1760,2026-09-10,,,
AT-0252,AT-0252,Lente,Canon,RF 45mm F/1.2,,,,LEN-CAN-014,,lente~canon~rf~45-f1.2,,,,671,2026-09-10,,,
AT-0253,AT-0253,Lente,Canon,RF 50mm F/1.2 L USM,,,,LEN-CAN-051,,lente~canon~l-rf~50-f1.2-usm,,,,2563,2026-09-10,,,
AT-0254,AT-0254,Lente,Canon,RF 50mm F/1.8 STM,,,,LEN-CAN-001,,lente~canon~rf~50-f1.8-stm,,,,231,2026-09-10,,,
AT-0255,AT-0255,Lente,Canon,RF 600mm F/11L IS STM,,,,LEN-CAN-012,,lente~canon~11l-f-rf~600-is-stm,,,,649,2026-09-10,,,
AT-0256,AT-0256,Lente,Canon,RF 7-14mm F/2.8-3.5 L Fisheye STM,,,,LEN-CAN-029,,lente~canon~3.5-fisheye-l-rf~7-14-f2.8-stm,,,,2365,2026-09-10,,,
AT-0257,AT-0257,Lente,Canon,RF 70-200mm F/2.8 IS USM Z Black,,,,LEN-CAN-035,,lente~canon~rf-z~70-200-f2.8-is-usm,,,,3685,2026-09-10,,,
AT-0258,AT-0258,Lente,Canon,RF 70-200mm F/4L IS,,,,LEN-CAN-023,,lente~canon~4l-f-rf~70-200-is,,,,1705,2026-09-10,,,
AT-0259,AT-0259,Lente,Canon,RF 75-300mm F/4-5.6,,,,LEN-CAN-005,,lente~canon~5.6-rf~75-300-f4,,,,253,2026-09-10,,,
AT-0260,AT-0260,Lente,Canon,RF 800mm F/11 IS STM,,,,LEN-CAN-018,,lente~canon~rf~800-f11-is-stm,,,,990,2026-09-10,,,
AT-0261,AT-0261,Lente,Canon,RF 85mm F/2 Macro IS STM,,,,LEN-CAN-015,,lente~canon~macro-rf~85-f2-is-stm,,,,693,2026-09-10,,,
AT-0262,AT-0262,Lente,Canon,RF-S 10-18mm F/4.5-6.3,,,,LEN-CAN-006,,lente~canon~6.3-rf-s~10-18-f4.5,,,,374,2026-09-10,,,
AT-0263,AT-0263,Lente,Canon,RF-S 18-150mm F/3.5-6.3 IS STM,,,,LEN-CAN-013,,lente~canon~6.3-rf-s~18-150-f3.5-is-stm,,,,550,2026-09-10,,,
AT-0264,AT-0264,Lente,Canon,RF-S 3.9mm F/3.5 Dual Fisheye STM,,,,LEN-CAN-021,,lente~canon~3-dual-fisheye-rf-s~9-f3.5-stm,,,,1364,2026-09-10,,,
AT-0265,AT-0265,Lente,Canon,RF-S 55-210mm F/5-7,,,,LEN-CAN-042,,lente~canon~7-rf-s~55-210-f5-condcajablanca,,,,385,2026-09-10,,,
AT-0266,AT-0266,Lente,Canon,RF-S 7.8mm F/4 STM Dual,,,,LEN-CAN-010,,lente~canon~7-dual-rf-s~8-f4-stm,,,,605,2026-09-10,,,
AT-0267,AT-0267,Lente,Nikon,AF DX Zoom 12-24mm F/4 If,,,,LEN-NIK-019,,lente~nikon~af-dx-if-zoom~12-24-f4,,,,1265,2026-09-10,,,
AT-0268,AT-0268,Lente,Nikon,AF-S 35mm F/1.8 G,,,,LEN-NIK-001,,lente~nikon~af-s-g~35-f1.8,,,,220,2026-09-10,,,
AT-0269,AT-0269,Lente,Nikon,AF-S 50mm F/1.8 G,,,,LEN-NIK-002,,lente~nikon~af-s-g~50-f1.8,,,,242,2026-09-10,,,
AT-0270,AT-0270,Lente,Nikon,Z 12-28mm DX F/3.5 5.6 PZ VR,,,,LEN-NIK-006,,lente~nikon~5.6-dx-pz-z~12-28-f3.5-vr,,,,407,2026-09-10,,,
AT-0271,AT-0271,Lente,Nikon,Z 12-28mm F/3.5-5.6 PZ VR,,,,LEN-NIK-036,,lente~nikon~5.6-pz-z~12-28-f3.5-vr,,,,407,2026-09-10,,,
AT-0272,AT-0272,Lente,Nikon,Z 135mm F/1.8 S Plena,,,,LEN-NIK-027,,lente~nikon~plena-s-z~135-f1.8,,,,2508,2026-09-10,,,
AT-0273,AT-0273,Lente,Nikon,Z 14-30mm F/4 S,,,,LEN-NIK-021,,lente~nikon~s-z~14-30-f4,,,,1375,2026-09-10,,,
AT-0274,AT-0274,Lente,Nikon,Z 17-28mm F/2.8,,,,LEN-NIK-022,,lente~nikon~z~17-28-f2.8,,,,1375,2026-09-10,,,
AT-0275,AT-0275,Lente,Nikon,Z 18-140mm DX F/3.5-6.3 VR,,,,LEN-NIK-038,,lente~nikon~6.3-dx-z~18-140-f3.5-vr,,,,528,2026-09-10,,,
AT-0276,AT-0276,Lente,Nikon,Z 180-600mm F/5.6-6.3,,,,LEN-NIK-026,,lente~nikon~6.3-z~180-600-f5.6,,,,2310,2026-09-10,,,
AT-0277,AT-0277,Lente,Nikon,Z 24-105mm F/4-7.1,,,,LEN-NIK-012,,lente~nikon~7.1-z~24-105-f4,,,,880,2026-09-10,,,
AT-0278,AT-0278,Lente,Nikon,Z 24-200mm F/4-6.3 VR,,,,LEN-NIK-014,,lente~nikon~6.3-z~24-200-f4-vr,,,,957,2026-09-10,,,
AT-0279,AT-0279,Lente,Nikon,Z 24-70mm F/2.8 II,,,,LEN-NIK-031,,lente~nikon~ii-z~24-70-f2.8,,,,2805,2026-09-10,,,
AT-0280,AT-0280,Lente,Nikon,Z 24-70mm F/4S,,,,LEN-NIK-013,,lente~nikon~4s-f-z~24-70,,,,924,2026-09-10,,,
AT-0281,AT-0281,Lente,Nikon,Z 24mm F/1.8,,,,LEN-NIK-018,,lente~nikon~z~24-f1.8,,,,1100,2026-09-10,,,
AT-0282,AT-0282,Lente,Nikon,Z 26mm F/2.8,,,,LEN-NIK-007,,lente~nikon~z~26-f2.8,,,,572,2026-09-10,,,
AT-0283,AT-0283,Lente,Nikon,Z 28-135mm F/4 PZ,,,,LEN-NIK-032,,lente~nikon~pz-z~28-135-f4,,,,2915,2026-09-10,,,
AT-0284,AT-0284,Lente,Nikon,Z 28-400mm F/4-8 VR,,,,LEN-NIK-039,,lente~nikon~8-z~28-400-f4-vr,,,,1430,2026-09-10,,,
AT-0285,AT-0285,Lente,Nikon,Z 28mm F/2.8,,,,LEN-NIK-003,,lente~nikon~z~28-f2.8,,,,281,2026-09-10,,,
AT-0286,AT-0286,Lente,Nikon,Z 35mm F/1.2 S,,,,LEN-NIK-028,,lente~nikon~s-z~35-f1.2,,,,2750,2026-09-10,,,
AT-0287,AT-0287,Lente,Nikon,Z 35mm F/1.8 S,,,,LEN-NIK-015,,lente~nikon~s-z~35-f1.8,,,,957,2026-09-10,,,
AT-0288,AT-0288,Lente,Nikon,Z 400mm F/4.5 VR S,,,,LEN-NIK-040,,lente~nikon~s-z~400-f4.5-vr,,,,3289,2026-09-10,,,
AT-0289,AT-0289,Lente,Nikon,Z 40mm F/2,,,,LEN-NIK-005,,lente~nikon~z~40-f2,,,,286,2026-09-10,,,
AT-0290,AT-0290,Lente,Nikon,Z 50mm F/1.2 S,,,,LEN-NIK-024,,lente~nikon~s-z~50-f1.2,,,,2090,2026-09-10,,,
AT-0291,AT-0291,Lente,Nikon,Z 50mm F/1.4,,,,LEN-NIK-008,,lente~nikon~z~50-f1.4,,,,572,2026-09-10,,,
AT-0292,AT-0292,Lente,Nikon,Z 50mm F/1.8 S,,,,LEN-NIK-010,,lente~nikon~s-z~50-f1.8,,,,693,2026-09-10,,,
AT-0293,AT-0293,Lente,Nikon,Z 70-180mm F/2.8,,,,LEN-NIK-023,,lente~nikon~z~70-180-f2.8,,,,1364,2026-09-10,,,
AT-0294,AT-0294,Lente,Nikon,Z 70-200mm F/2.8 VR S II,,,,LEN-NIK-034,,lente~nikon~ii-s-z~70-200-f2.8-vr,,,,3839,2026-09-10,,,
AT-0295,AT-0295,Lente,Nikon,Z 85mm F/1.2,,,,LEN-NIK-030,,lente~nikon~z~85-f1.2,,,,2750,2026-09-10,,,
AT-0296,AT-0296,Lente,Nikon,Z DX 24mm F/1.7,,,,LEN-NIK-004,,lente~nikon~dx-z~24-f1.7,,,,308,2026-09-10,,,
AT-0297,AT-0297,Lente,Nikon,Z MC 105mm F/2.8 VR Macro,,,,LEN-NIK-017,,lente~nikon~macro-mc-z~105-f2.8-vr,,,,1100,2026-09-10,,,
AT-0298,AT-0298,Lente,Nikon,Z MC 50mm F/2.8 Macro,,,,LEN-NIK-011,,lente~nikon~macro-mc-z~50-f2.8,,,,759,2026-09-10,,,
AT-0299,AT-0299,Lente,Nikon,Z Teleconverter TC-2X,,,,LEN-NIK-009,ACC-NIK-010,lente~nikon~tc-2x-teleconverter-z,accesorio-camara~nikon~tc-2x-teleconverter-z,,Accesorio Cámara,660,2026-09-10,,,
AT-0300,AT-0300,Lente,Sigma,10-18mm F/2.8 C Canon,,,,LEN-SIG-006,,lente~sigma~c-canon~10-18-f2.8,,,,792,2026-09-10,,,
AT-0301,AT-0301,Lente,Sigma,10-18mm F/2.8 Dc DN Contemporary Sony,,,,LEN-SIG-032,,lente~sigma~contemporary-dc-dn-sony~10-18-f2.8,,,,770,2026-09-10,,,
AT-0302,AT-0302,Lente,Sigma,100-400mm F/5-6.3 DG HSM Contemporary Sony,,,,LEN-SIG-042,,lente~sigma~6.3-contemporary-dg-sony~100-400-f5-hsm,,,,1100,2026-09-10,,,
AT-0303,AT-0303,Lente,Sigma,105mm F/2.8 DG DN ART Macro Sony,,,,LEN-SIG-035,,lente~sigma~macro-sony~105-f2.8-art-dg-dn,,,,902,2026-09-10,,,
AT-0304,AT-0304,Lente,Sigma,12-24mm F/4 DG HSM ART Nikon,,,,LEN-SIG-026,,lente~sigma~dg-nikon~12-24-f4-art-hsm,,,,1485,2026-09-10,,,
AT-0305,AT-0305,Lente,Sigma,12-24mm F/4 HSM ART Canon,,,,LEN-SIG-015,,lente~sigma~canon~12-24-f4-art-hsm,,,,1485,2026-09-10,,,
AT-0306,AT-0306,Lente,Sigma,12mm F/1.4 Contemporary Canon RF,,,,LEN-SIG-008,,lente~sigma~contemporary~12-f1.4-rf,,,,825,2026-09-10,,,
AT-0307,AT-0307,Lente,Sigma,12mm F/1.4 Contemporary Sony,,,,LEN-SIG-033,,lente~sigma~contemporary-sony~12-f1.4,,,,825,2026-09-10,,,
AT-0308,AT-0308,Lente,Sigma,14-24mm F/2.8 DG DN ART Sony,,,,LEN-SIG-057,,lente~sigma~sony~14-24-f2.8-art-dg-dn,,,,1430,2026-09-10,,,
AT-0309,AT-0309,Lente,Sigma,14-24mm F/2.8 HSM Canon,,,,LEN-SIG-017,,lente~sigma~canon~14-24-f2.8-hsm,,,,1562,2026-09-10,,,
AT-0310,AT-0310,Lente,Sigma,150-600mm F/5-6.3 DG DN Sports Sony,,,,LEN-SIG-048,,lente~sigma~6.3-sony-sports~150-600-f5-dg-dn,,,,1870,2026-09-10,,,
AT-0311,AT-0311,Lente,Sigma,16-28mm F/2.8 DG DN Contemporary Sony,,,,LEN-SIG-040,,lente~sigma~contemporary-sony~16-28-f2.8-dg-dn,,,,1001,2026-09-10,,,
AT-0312,AT-0312,Lente,Sigma,16-300mm F/3.5-6.7 Contemporary Sony,,,,LEN-SIG-038,,lente~sigma~6.7-contemporary-sony~16-300-f3.5,,,,990,2026-09-10,,,
AT-0313,AT-0313,Lente,Sigma,16mm F/1.4 Dc DN Contemporary Canon EF-M Mount,,,,LEN-SIG-003,,lente~sigma~contemporary-dc-dn-m-mount~16-f1.4-ef,,,,462,2026-09-10,,,
AT-0314,AT-0314,Lente,Sigma,16mm F/1.4 Dc DN Contemporary Nikon Z,,,,LEN-SIG-019,,lente~sigma~contemporary-dc-dn~16-f1.4-nz,,,,605,2026-09-10,,,
AT-0315,AT-0315,Lente,Sigma,16mm F/1.4 Dc DN Contemporary P/Sony,,,,LEN-SIG-029,,lente~sigma~contemporary-dc-dn-sony~16-f1.4,,,,550,2026-09-10,,,
AT-0316,AT-0316,Lente,Sigma,17-40mm F/1.8 ART Canon RF Mount,,,,LEN-SIG-011,,lente~sigma~mount~17-40-f1.8-rf-art,,,,1034,2026-09-10,,,
AT-0317,AT-0317,Lente,Sigma,17-40mm F/1.8 ART Sony,,,,LEN-SIG-054,,lente~sigma~sony~17-40-f1.8-art,,,,1023,2026-09-10,,,
AT-0318,AT-0318,Lente,Sigma,17mm F/4 DG DN Contemporary Sony,,,,LEN-SIG-030,,lente~sigma~contemporary-sony~17-f4-dg-dn,,,,770,2026-09-10,,,
AT-0319,AT-0319,Lente,Sigma,18-35mm F/1.8 ART HSM Canon,,,,LEN-SIG-009,,lente~sigma~canon~18-35-f1.8-art-hsm,,,,880,2026-09-10,,,
AT-0320,AT-0320,Lente,Sigma,18-35mm F/1.8 HSM Nikon,,,,LEN-SIG-021,,lente~sigma~nikon~18-35-f1.8-hsm,,,,880,2026-09-10,,,
AT-0321,AT-0321,Lente,Sigma,20-200mm F/3.5-6.3 Contemporary Sony E,,,,LEN-SIG-043,,lente~sigma~6.3-contemporary~20-200-f3.5-fe,,,,1210,2026-09-10,,,
AT-0322,AT-0322,Lente,Sigma,24mm F/1.4 ART Sony,,,,LEN-SIG-039,,lente~sigma~sony~24-f1.4-art,,,,990,2026-09-10,,,
AT-0323,AT-0323,Lente,Sigma,24mm F/1.4 DG ART Nikon,,,,LEN-SIG-022,,lente~sigma~dg-nikon~24-f1.4-art,,,,990,2026-09-10,,,
AT-0324,AT-0324,Lente,Sigma,28-105mm F/2.8 DG DN ART,,,,LEN-SIG-046,,lente~sigma~28-105-f2.8-art-dg-dn,,,,1815,2026-09-10,,,
AT-0325,AT-0325,Lente,Sigma,28-45mm F/1.8 DG DN ART Sony,,,,LEN-SIG-045,,lente~sigma~sony~28-45-f1.8-art-dg-dn,,,,1650,2026-09-10,,,
AT-0326,AT-0326,Lente,Sigma,28mm F/1.4 DG HSM ART Sony,,,,LEN-SIG-031,,lente~sigma~dg-sony~28-f1.4-art-hsm,,,,770,2026-09-10,,,
AT-0327,AT-0327,Lente,Sigma,30mm F/1.4 Dc DN Contemporary Sony,,,,LEN-SIG-027,,lente~sigma~contemporary-dc-dn-sony~30-f1.4,,,,495,2026-09-10,,,
AT-0328,AT-0328,Lente,Sigma,30mm F/1.4 Dc HSM ART Canon EF,,,,LEN-SIG-001,,lente~sigma~dc~30-f1.4-ef-art-hsm,,,,352,2026-09-10,,,
AT-0329,AT-0329,Lente,Sigma,35mm F/1.2 ART Sony,,,,LEN-SIG-047,,lente~sigma~sony~35-f1.2-art,,,,1870,2026-09-10,,,
AT-0330,AT-0330,Lente,Sigma,35mm F/1.4 DG ART HSM Canon,,,,LEN-SIG-010,,lente~sigma~canon-dg~35-f1.4-art-hsm,,,,935,2026-09-10,,,
AT-0331,AT-0331,Lente,Sigma,35mm F/1.4 DG HSM ART Sony,,,,LEN-SIG-036,,lente~sigma~dg-sony~35-f1.4-art-hsm,,,,902,2026-09-10,,,
AT-0332,AT-0332,Lente,Sigma,50-100mm F/1.8 ART Dc HSM Canon,,,,LEN-SIG-013,,lente~sigma~canon-dc~50-100-f1.8-art-hsm,,,,1100,2026-09-10,,,
AT-0333,AT-0333,Lente,Sigma,50mm F/1.4 DG DN ART Sony,,,,LEN-SIG-037,,lente~sigma~sony~50-f1.4-art-dg-dn,,,,935,2026-09-10,,,
AT-0334,AT-0334,Lente,Sigma,50mm F/1.4 DG HSM ART Canon,,,,LEN-SIG-007,,lente~sigma~canon-dg~50-f1.4-art-hsm,,,,825,2026-09-10,,,
AT-0335,AT-0335,Lente,Sigma,50mm F/1.4 DG HSM ART Nikon,,,,LEN-SIG-023,,lente~sigma~dg-nikon~50-f1.4-art-hsm,,,,1100,2026-09-10,,,
AT-0336,AT-0336,Lente,Sigma,56mm F/1.4 Dc DN Cont Sony E,,,,LEN-SIG-028,,lente~sigma~cont-dc-dn~56-f1.4-fe,,,,550,2026-09-10,,,
AT-0337,AT-0337,Lente,Sigma,56mm F/1.4 Dc DN Contemporary Canon,,,,LEN-SIG-002,,lente~sigma~canon-contemporary-dc-dn~56-f1.4,,,,413,2026-09-10,,,
AT-0338,AT-0338,Lente,Sigma,56mm F/1.4 Dc DN Contemporary Nikon Z,,,,LEN-SIG-018,,lente~sigma~contemporary-dc-dn~56-f1.4-nz,,,,550,2026-09-10,,,
AT-0339,AT-0339,Lente,Sigma,60-600mm F/4.5-6.3 Sports Sony,,,,LEN-SIG-050,,lente~sigma~6.3-sony-sports~60-600-f4.5,,,,2420,2026-09-10,,,
AT-0340,AT-0340,Lente,Sigma,85mm F/1.4 DG DN ART Sony,,,,LEN-SIG-041,,lente~sigma~sony~85-f1.4-art-dg-dn,,,,1210,2026-09-10,,,
AT-0341,AT-0341,Lente,Sigma,85mm F/1.4 DG HSM ART AF Nikon,,,,LEN-SIG-024,,lente~sigma~af-dg-nikon~85-f1.4-art-hsm,,,,1375,2026-09-10,,,
AT-0342,AT-0342,Lente,Sigma,85mm F/1.4 DG HSM ART EF Canon,,,,LEN-SIG-014,,lente~sigma~canon-dg-ef~85-f1.4-art-hsm,,,,1320,2026-09-10,,,
AT-0343,AT-0343,Lente,Sigma,85mm F/1.4 Ex DG Canon AF,,,,LEN-SIG-005,,lente~sigma~af-canon-dg-ex~85-f1.4,,,,737,2026-09-10,,,
AT-0344,AT-0344,Lente,Sigma,85mm F/1.4 Ex DG Nikon D,,,,LEN-SIG-020,,lente~sigma~d-dg-ex-nikon~85-f1.4,,,,748,2026-09-10,,,
AT-0345,AT-0345,Lente,Sony,E 70-350mm F/4.5-6.3G,,,,LEN-SON-012,,lente~sony~6.3g-e~70-350-f4.5,,,,935,2026-09-10,,,
AT-0346,AT-0346,Lente,Sony,E PZ 28-135mm F/4 G OSS,,,,LEN-SON-031,,lente~sony~e-f-oss-pz~28-135-4g,,,,2310,2026-09-10,,,
AT-0347,AT-0347,Lente,Sony,FE 100-400mm F/4.5-5.6 GM,,,,LEN-SON-034,,lente~sony~5.6-fe~100-400-f4.5-gm,,,,2640,2026-09-10,,,
AT-0348,AT-0348,Lente,Sony,FE 100mm F/2.8 GM OSS,,,,LEN-SON-023,,lente~sony~fe-oss~100-f2.8-gm,,,,1430,2026-09-10,,,
AT-0349,AT-0349,Lente,Sony,FE 12-24mm F/2.8 GM,,,,LEN-SON-036,,lente~sony~fe~12-24-f2.8-gm,,,,2805,2026-09-10,,,
AT-0350,AT-0350,Lente,Sony,FE 135mm F/1.8 GM,,,,LEN-SON-029,,lente~sony~fe~135-f1.8-gm,,,,2079,2026-09-10,,,
AT-0351,AT-0351,Lente,Sony,FE 14mm F/1.8 GM,,,,LEN-SON-022,,lente~sony~fe~14-f1.8-gm,,,,1430,2026-09-10,,,
AT-0352,AT-0352,Lente,Sony,FE 16-25mm F/2.8 G,,,,LEN-SON-018,,lente~sony~fe-g~16-25-f2.8,,,,1210,2026-09-10,,,
AT-0353,AT-0353,Lente,Sony,FE 16-35mm F/2.8 GM,,,,LEN-SON-025,,lente~sony~fe~16-35-f2.8-gm,,,,1815,2026-09-10,,,
AT-0354,AT-0354,Lente,Sony,FE 16-35mm F/2.8 GM II,,,,LEN-SON-032,,lente~sony~fe-ii~16-35-f2.8-gm,,,,2475,2026-09-10,,,
AT-0355,AT-0355,Lente,Sony,FE 20-70mm F/4 GM,,,,LEN-SON-013,,lente~sony~fe~20-70-f4-gm,,,,1100,2026-09-10,,,
AT-0356,AT-0356,Lente,Sony,FE 200-600mm F/5.6-6.3 G OSS,,,,LEN-SON-033,,lente~sony~6.3-fe-g-oss~200-600-f5.6,,,,2420,2026-09-10,,,
AT-0357,AT-0357,Lente,Sony,FE 20mm F/1.8 G,,,,LEN-SON-010,,lente~sony~fe-g~20-f1.8,,,,924,2026-09-10,,,
AT-0358,AT-0358,Lente,Sony,FE 24-105mm F/4 G,,,,LEN-SON-041,,lente~sony~f-fe~24-105-4g,,,,1089,2026-09-10,,,
AT-0359,AT-0359,Lente,Sony,FE 24-50mm F/2.8 G,,,,LEN-SON-017,,lente~sony~fe-g~24-50-f2.8,,,,1210,2026-09-10,,,
AT-0360,AT-0360,Lente,Sony,FE 24-70mm F/2.8 GM,,,,LEN-SON-026,,lente~sony~fe~24-70-f2.8-gm,,,,1705,2026-09-10,,,
AT-0361,AT-0361,Lente,Sony,FE 24-70mm F/A Vario Tessar,,,,LEN-SON-011,,lente~sony~a-f-fe-tessar-vario~24-70,,,,968,2026-09-10,,,
AT-0362,AT-0362,Lente,Sony,FE 24mm F/1.4 GM,,,,LEN-SON-016,,lente~sony~fe~24-f1.4-gm,,,,1199,2026-09-10,,,
AT-0363,AT-0363,Lente,Sony,FE 28-70mm F/2 GM,,,,LEN-SON-037,,lente~sony~fe~28-70-f2-gm,,,,3069,2026-09-10,,,
AT-0364,AT-0364,Lente,Sony,FE 28-70mm F/3.5-5.6,,,,LEN-SON-004,,lente~sony~5.6-fe~28-70-f3.5-condcajablanca,,,,374,2026-09-10,,,
AT-0365,AT-0365,Lente,Sony,FE 28mm F/2,,,,LEN-SON-005,,lente~sony~fe~28-f2,,,,495,2026-09-10,,,
AT-0366,AT-0366,Lente,Sony,FE 2X Teleconverter,,,,LEN-SON-039,ACC-SON-020,lente~sony~2x-fe-teleconverter,accesorio-camara~sony~2x-fe-teleconverter,,Accesorio Cámara,572,2026-09-10,,,
AT-0367,AT-0367,Lente,Sony,FE 35mm F/1.4 Distagon T,,,,LEN-SON-014,,lente~sony~distagon-fe-t~35-f1.4,,,,1100,2026-09-10,,,
AT-0368,AT-0368,Lente,Sony,FE 35mm F/1.4 GM,,,,LEN-SON-021,,lente~sony~fe~35-f1.4-gm,,,,1331,2026-09-10,,,
AT-0369,AT-0369,Lente,Sony,FE 400-800mm F/6.3-8 G OSS,,,,LEN-SON-035,,lente~sony~8-fe-g-oss~400-800-f6.3,,,,2750,2026-09-10,,,
AT-0370,AT-0370,Lente,Sony,FE 50-150mm F/2 GM,,,,LEN-SON-038,,lente~sony~fe~50-150-f2-gm,,,,4070,2026-09-10,,,
AT-0371,AT-0371,Lente,Sony,FE 50mm F/1.2 GM,,,,LEN-SON-024,,lente~sony~fe~50-f1.2-gm,,,,1760,2026-09-10,,,
AT-0372,AT-0372,Lente,Sony,FE 50mm F/1.4 GM,,,,LEN-SON-020,,lente~sony~fe~50-f1.4-gm,,,,1320,2026-09-10,,,
AT-0373,AT-0373,Lente,Sony,FE 50mm F/1.4 Planar T,,,,LEN-SON-019,,lente~sony~fe-planar-t~50-f1.4,,,,1265,2026-09-10,,,
AT-0374,AT-0374,Lente,Sony,FE 50mm F/1.8,,,,LEN-SON-002,,lente~sony~fe~50-f1.8,,,,253,2026-09-10,,,
AT-0375,AT-0375,Lente,Sony,FE 55mm F/1.8 Za,,,,LEN-SON-007,,lente~sony~fe-za~55-f1.8,,,,605,2026-09-10,,,
AT-0376,AT-0376,Lente,Sony,FE 70-200mm F/2.8 GM II,,,,LEN-SON-040,,lente~sony~fe-ii~70-200-f2.8-gm,,,,2860,2026-09-10,,,
AT-0377,AT-0377,Lente,Sony,FE 70-200mm F/4 Macro G OSS II,,,,LEN-SON-027,,lente~sony~fe-g-ii-macro-oss~70-200-f4,,,,1815,2026-09-10,,,
AT-0378,AT-0378,Lente,Sony,FE 85mm F/1.4 GM II,,,,LEN-SON-028,,lente~sony~fe-ii~85-f1.4-gm,,,,1925,2026-09-10,,,
AT-0379,AT-0379,Lente,Sony,FE 85mm F/1.8,,,,LEN-SON-006,,lente~sony~fe~85-f1.8,,,,605,2026-09-10,,,
AT-0380,AT-0380,Lente,Sony,FE 90mm F/2.8 Macro G OSS,,,,LEN-SON-008,,lente~sony~fe-g-macro-oss~90-f2.8,,,,847,2026-09-10,,,
AT-0381,AT-0381,Lente,Sony,FE PZ 16-35mm F/4,,,,LEN-SON-015,,lente~sony~fe-pz~16-35-f4,,,,1045,2026-09-10,,,
AT-0382,AT-0382,Lente,Tamron,11-20mm F/2.8 Di III A RXD Sony E,,,,LEN-TAM-013,,lente~tamron~a~11-20-f2.8-fe-di-iii-rxd,,,,649,2026-09-10,,,
AT-0383,AT-0383,Lente,Tamron,11-20mm F/2.8 III Canon,,,,LEN-TAM-001,,lente~tamron~canon-iii~11-20-f2.8,,,,660,2026-09-10,,,
AT-0384,AT-0384,Lente,Tamron,150-500mm F/5-6.7 Di III VXD Sony,,,,LEN-TAM-026,,lente~tamron~6.7-sony~150-500-f5-di-iii-vxd,,,,1430,2026-09-10,,,
AT-0385,AT-0385,Lente,Tamron,16-30mm F/2.8 III G2 Nikon,,,,LEN-TAM-005,,lente~tamron~iii-nikon~16-30-f2.8-g2,,,,1045,2026-09-10,,,
AT-0386,AT-0386,Lente,Tamron,16-30mm F/2.8 III G2 Sony,,,,LEN-TAM-018,,lente~tamron~iii-sony~16-30-f2.8-g2,,,,1045,2026-09-10,,,
AT-0387,AT-0387,Lente,Tamron,17-28mm F/2.8 Di III RXD Sony,,,,LEN-TAM-014,,lente~tamron~sony~17-28-f2.8-di-iii-rxd,,,,825,2026-09-10,,,
AT-0388,AT-0388,Lente,Tamron,17-50mm F/4 Di. III Sony,,,,LEN-TAM-030,,lente~tamron~di-iii-sony~17-50-f4,,,,759,2026-09-10,,,
AT-0389,AT-0389,Lente,Tamron,17-70mm F/2.8 Di III Sony,,,,LEN-TAM-032,,lente~tamron~sony~17-70-f2.8-di-iii,,,,880,2026-09-10,,,
AT-0390,AT-0390,Lente,Tamron,17-70mm F/2.8 III Nikon,,,,LEN-TAM-028,,lente~tamron~iii-nikon~17-70-f2.8,,,,1067,2026-09-10,,,
AT-0391,AT-0391,Lente,Tamron,18-300mm Canon RF,,,,LEN-TAM-002,,lente~tamron~18-300-rf,,,,825,2026-09-10,,,
AT-0392,AT-0392,Lente,Tamron,18-300mm F/3.5-6.3 Di III A Vc VXD Sony,,,,LEN-TAM-015,,lente~tamron~6.3-a-sony~18-300-f3.5-di-iii-vc-vxd,,,,825,2026-09-10,,,
AT-0393,AT-0393,Lente,Tamron,18-300mm F/3.5-6.3 III Nikon,,,,LEN-TAM-004,,lente~tamron~6.3-iii-nikon~18-300-f3.5,,,,825,2026-09-10,,,
AT-0394,AT-0394,Lente,Tamron,20-40mm F/2.8 Di III Sony,,,,LEN-TAM-016,,lente~tamron~sony~20-40-f2.8-di-iii,,,,825,2026-09-10,,,
AT-0395,AT-0395,Lente,Tamron,24-70mm F/2.8 G2 Nikon,,,,LEN-TAM-008,,lente~tamron~nikon~24-70-f2.8-g2,,,,1320,2026-09-10,,,
AT-0396,AT-0396,Lente,Tamron,28-200mm F/2.8-5.6 Di III RXD Sony,,,,LEN-TAM-031,,lente~tamron~5.6-sony~28-200-f2.8-di-iii-rxd,,,,880,2026-09-10,,,
AT-0397,AT-0397,Lente,Tamron,28-300mm F/4-7.1 III Sony,,,,LEN-TAM-022,,lente~tamron~7.1-iii-sony~28-300-f4,,,,1100,2026-09-10,,,
AT-0398,AT-0398,Lente,Tamron,28-75mm F/2.8 Di III RXD Sony,,,,LEN-TAM-021,,lente~tamron~sony~28-75-f2.8-di-iii-rxd,,,,1089,2026-09-10,,,
AT-0399,AT-0399,Lente,Tamron,28-75mm F/2.8 III G2 Nikon,,,,LEN-TAM-006,,lente~tamron~iii-nikon~28-75-f2.8-g2,,,,1089,2026-09-10,,,
AT-0400,AT-0400,Lente,Tamron,35-100mm F/2.8 Di III VXD Nikon,,,,LEN-TAM-007,,lente~tamron~nikon~35-100-f2.8-di-iii-vxd,,,,1210,2026-09-10,,,
AT-0401,AT-0401,Lente,Tamron,35-100mm F/2.8 Di III VXD Sony,,,,LEN-TAM-023,,lente~tamron~sony~35-100-f2.8-di-iii-vxd,,,,1210,2026-09-10,,,
AT-0402,AT-0402,Lente,Tamron,35-150mm F/2-2.8 Di III VXD Sony E,,,,LEN-TAM-025,,lente~tamron~2.8~35-150-f2-fe-di-iii-vxd,,,,1760,2026-09-10,,,
AT-0403,AT-0403,Lente,Tamron,35-150mm F/2-2.8 Nikon Z,,,,LEN-TAM-011,,lente~tamron~2.8~35-150-f2-nz,,,,1870,2026-09-10,,,
AT-0404,AT-0404,Lente,Tamron,50-300mm F/4.5-6.3 III Sony,,,,LEN-TAM-020,,lente~tamron~6.3-iii-sony~50-300-f4.5,,,,1045,2026-09-10,,,
AT-0405,AT-0405,Lente,Tamron,50-400mm F/4.5-6.3 Di III Vc VXD Sony,,,,LEN-TAM-027,,lente~tamron~6.3-sony~50-400-f4.5-di-iii-vc-vxd,,,,1540,2026-09-10,,,
AT-0406,AT-0406,Lente,Tamron,50-400mm F/4.5-6.3 III Nikon,,,,LEN-TAM-010,,lente~tamron~6.3-iii-nikon~50-400-f4.5,,,,1485,2026-09-10,,,
AT-0407,AT-0407,Lente,Tamron,70-180mm F/2.8 III G2 Nikon,,,,LEN-TAM-009,,lente~tamron~iii-nikon~70-180-f2.8-g2,,,,1430,2026-09-10,,,
AT-0408,AT-0408,Lente,Tamron,70-180mm F/2.8 III G2 Sony,,,,LEN-TAM-024,,lente~tamron~iii-sony~70-180-f2.8-g2,,,,1243,2026-09-10,,,
AT-0409,AT-0409,Lente,Tamron,70-300mm F/4.5-6.3 Di III RXD Nikon Z,,,,LEN-TAM-003,,lente~tamron~6.3~70-300-f4.5-nz-di-iii-rxd,,,,759,2026-09-10,,,
AT-0410,AT-0410,Lente,Tamron,70-300mm F/4.5-6.3 Di III RXD Sony,,,,LEN-TAM-012,,lente~tamron~6.3-sony~70-300-f4.5-di-iii-rxd,,,,572,2026-09-10,,,
AT-0411,AT-0411,Lente,Tamron,90mm F/2.8 III Macro Sony,,,,LEN-TAM-017,,lente~tamron~iii-macro-sony~90-f2.8,,,,880,2026-09-10,,,
AT-0412,AT-0412-01,Lentes Inteligentes,Ray-Ban,Meta Skyler (601/1M52) (Shiny Black/Transitions Green),Shiny Black,Shiny Black · Transitions Green,01,GAF-RAY-025,GAF-RAY-034|GAF-RAY-041,lentes-inteligentes~ray-ban~meta-skyler,lentes-inteligentes~ray-ban~gen2-meta-rayban-skyler,Rayban Meta GEN2 Skyler (Shiny Black · Transitions Green),,595,2026-09-10,,,
AT-0412,AT-0412-02,Lentes Inteligentes,Ray-Ban,Meta Skyler (601/1M52) (Shiny Black/Transitions Green),Transitions Green,,02,GAF-RAY-025,GAF-RAY-034|GAF-RAY-041,lentes-inteligentes~ray-ban~meta-skyler,lentes-inteligentes~ray-ban~gen2-meta-rayban-skyler,Rayban Meta GEN2 Skyler (Shiny Black · Transitions Green),,595,2026-09-10,,,
AT-0413,AT-0413-01,Lentes Inteligentes,Ray-Ban,Meta Skyler (601/CH52) (Shiny Black/Transitions Amethyst),Shiny Black,Shiny Black · Transitions Amethyst,01,GAF-RAY-026,GAF-RAY-035|GAF-RAY-042,lentes-inteligentes~ray-ban~meta-skyler,lentes-inteligentes~ray-ban~gen2-meta-rayban-skyler,Rayban Meta GEN2 Skyler (Shiny Black · Transitions Amethyst),,595,2026-09-10,,,
AT-0413,AT-0413-02,Lentes Inteligentes,Ray-Ban,Meta Skyler (601/CH52) (Shiny Black/Transitions Amethyst),Transitions Amethyst,,02,GAF-RAY-026,GAF-RAY-035|GAF-RAY-042,lentes-inteligentes~ray-ban~meta-skyler,lentes-inteligentes~ray-ban~gen2-meta-rayban-skyler,Rayban Meta GEN2 Skyler (Shiny Black · Transitions Amethyst),,595,2026-09-10,,,
AT-0414,AT-0414-01,Lentes Inteligentes,Ray-Ban,Meta Skyler (601/T352) (Shiny Black/Polarized Gradient Graphite),Shiny Black,Shiny Black · Polarized Gradient Graphite,01,GAF-RAY-023,GAF-RAY-033|GAF-RAY-040,lentes-inteligentes~ray-ban~meta-skyler,lentes-inteligentes~ray-ban~gen2-meta-rayban-skyler,Rayban Meta GEN2 Skyler (Shiny Black · Polarized Gradient Graphite),,525,2026-09-10,,,
AT-0414,AT-0414-02,Lentes Inteligentes,Ray-Ban,Meta Skyler (601/T352) (Shiny Black/Polarized Gradient Graphite),Polarized Gradient Graphite,,02,GAF-RAY-023,GAF-RAY-033|GAF-RAY-040,lentes-inteligentes~ray-ban~meta-skyler,lentes-inteligentes~ray-ban~gen2-meta-rayban-skyler,Rayban Meta GEN2 Skyler (Shiny Black · Polarized Gradient Graphite),,525,2026-09-10,,,
AT-0415,AT-0415-01,Lentes Inteligentes,Ray-Ban,Meta Skyler (T155 / S52) (Shinny Chalky Grey/Transitions Sapphire),Shiny Chalky Grey,shinny chalky grey|Shiny Chalky Grey · Transitions Sapphire,01,GAF-RAY-024,GAF-RAY-010,lentes-inteligentes~ray-ban~meta-skyler,lentes-inteligentes~ray-ban~gen2-meta-rayban-skyler,Rayban Meta GEN2 Skyler (Shiny Chalky Grey · Transitions Sapphire),,555,2026-09-10,,,
AT-0415,AT-0415-02,Lentes Inteligentes,Ray-Ban,Meta Skyler (T155 / S52) (Shinny Chalky Grey/Transitions Sapphire),Transitions Sapphire,,02,GAF-RAY-024,GAF-RAY-010,lentes-inteligentes~ray-ban~meta-skyler,lentes-inteligentes~ray-ban~gen2-meta-rayban-skyler,Rayban Meta GEN2 Skyler (Shiny Chalky Grey · Transitions Sapphire),,555,2026-09-10,,,
AT-0416,AT-0416-01,Lentes Inteligentes,Ray-Ban,Meta Wayfarer (601/1M50) (Shiny Black/Graphite Green Transitions),Shiny Black,Shiny Black · Graphite Green Transitions,01,GAF-RAY-022,GAF-RAY-030|GAF-RAY-037,lentes-inteligentes~ray-ban~meta-wayfarer,lentes-inteligentes~ray-ban~gen2-meta-rayban-wayfarer,Rayban Meta GEN2 Wayfarer (Shiny Black · Graphite Green Transitions),,595,2026-09-10,,,
AT-0416,AT-0416-02,Lentes Inteligentes,Ray-Ban,Meta Wayfarer (601/1M50) (Shiny Black/Graphite Green Transitions),Graphite Green Transitions,,02,GAF-RAY-022,GAF-RAY-030|GAF-RAY-037,lentes-inteligentes~ray-ban~meta-wayfarer,lentes-inteligentes~ray-ban~gen2-meta-rayban-wayfarer,Rayban Meta GEN2 Wayfarer (Shiny Black · Graphite Green Transitions),,595,2026-09-10,,,
AT-0417,AT-0417-01,Lentes Inteligentes,Ray-Ban,Meta Wayfarer (601S1Z50) (Matte Black/Grey Transitions),Matte Black,Matte Black · Grey Transitions,01,GAF-RAY-021,GAF-RAY-029|GAF-RAY-036,lentes-inteligentes~ray-ban~meta-wayfarer,lentes-inteligentes~ray-ban~gen2-meta-rayban-wayfarer,Rayban Meta GEN2 Wayfarer (Matte Black · Grey Transitions),,605,2026-09-10,,,
AT-0417,AT-0417-02,Lentes Inteligentes,Ray-Ban,Meta Wayfarer (601S1Z50) (Matte Black/Grey Transitions),Grey Transitions,,02,GAF-RAY-021,GAF-RAY-029|GAF-RAY-036,lentes-inteligentes~ray-ban~meta-wayfarer,lentes-inteligentes~ray-ban~gen2-meta-rayban-wayfarer,Rayban Meta GEN2 Wayfarer (Matte Black · Grey Transitions),,605,2026-09-10,,,
AT-0418,AT-0418-01,Lentes Inteligentes,Ray-Ban,Meta Wayfarer (601ST350) (Black/Polarized Gradient Graphite),Black,bla|black keys|negro|teclas negras|Black · Polarized Gradient Graphite,01,GAF-RAY-020,GAF-RAY-031|GAF-RAY-038,lentes-inteligentes~ray-ban~meta-wayfarer,lentes-inteligentes~ray-ban~gen2-meta-rayban-wayfarer,Rayban Meta GEN2 Wayfarer (Black · Polarized Gradient Graphite),,535,2026-09-10,,,
AT-0418,AT-0418-02,Lentes Inteligentes,Ray-Ban,Meta Wayfarer (601ST350) (Black/Polarized Gradient Graphite),Polarized Gradient Graphite,,02,GAF-RAY-020,GAF-RAY-031|GAF-RAY-038,lentes-inteligentes~ray-ban~meta-wayfarer,lentes-inteligentes~ray-ban~gen2-meta-rayban-wayfarer,Rayban Meta GEN2 Wayfarer (Black · Polarized Gradient Graphite),,535,2026-09-10,,,
AT-0419,AT-0419,Monitor,Apple,"Studio Display 27"" (Standard Glass/Tilt & Height)",,,,MON-APP-004,MON-APP-006,monitor~apple~display-glass-height-standard-studio-tilt~27in,monitor~apple~adjustable-display-glass-height-stand-standard-studio-tilt~27in,"27"" Studio Display Standard Glass · Tilt & Height Adjustable Stand",,2920,2026-09-10,,,
AT-0420,AT-0420,Monitor,Dell,"24"" P2425H (FHD 1920x1080/Dp/HDMI/Vga/USB)",,,,MON-DEL-009,MON-DEL-011,monitor~dell~dp-p2425h~24in,monitor~dell~dp-fhd-hdmi-p2425h-usb-vesa-vga~24in,"P2425H 24"" FHD · Vesa / Dp / HDMI / Vga / USB",,380,2026-09-10,,,
AT-0421,AT-0421,Monitor,Dell,"27"" P2725H (FHD 1920x1080/Dp/HDMI/Vga/USB/3Y Garantía)",,,,MON-DEL-010,MON-DEL-012,monitor~dell~3y-dp-p2725h~27in,monitor~dell~3-anos-dp-fhd-garantia-hdmi-p2725h-usb-vesa-vga~27in,"P2725H 27"" FHD · Vesa / Dp / HDMI / Vga / USB · Garantía 3 Años",,450,2026-09-10,,,
AT-0422,AT-0422,Monitor,Dell,"Pro 24 Plus 23.8"" P2425HE (FHD 1920x1080/100Hz)",,,,MON-DEL-006,,monitor~dell~24-p2425he-plus-pro~23in,monitor~dell~100hz-24-fhd-p2425he-plus-pro~23in,"Pro 24 Plus P2425HE 23.8"" FHD · 100Hz",,540,2026-09-10,,,
AT-0423,AT-0423,Monitor,MSI,"Mag 272F 27"" Flat Rapid Ips (FHD/200Hz/0.5ms Gtg/Adaptive Sync/Hdr)",,,,MON-MSI-013,,monitor~msi~272f-flat-ips-mag-rapid~27in,,,,360,2026-09-10,,,
AT-0424,AT-0424,Monitor,MSI,"Mag 274QF X24 27"" Flat Rapid Ips (Wqhd/240Hz/0.5ms Gtg/Adaptive Sync/Hdr)",,,,MON-MSI-015,,monitor~msi~274qf-flat-ips-mag-rapid-x24~27in,,,,440,2026-09-10,,,
AT-0425,AT-0425,Monitor,MSI,"Mag 276CXF 27"" Curved 1500R Rapid Va (FHD/280Hz/0.5ms Gtg/Adaptive Sync/Hdr)",,,,MON-MSI-014,,monitor~msi~1500r-276cxf-curved-mag-rapid-va~27in,,,,380,2026-09-10,,,
AT-0426,AT-0426,Monitor,Samsung,"Essential 24"" (FHD/100Hz)",,,,MON-SAM-006,,monitor~samsung~essential~24in,monitor~samsung~100hz-essential~24in,"24"" Essential 24"" · 100Hz",,310,2026-09-10,,,
AT-0427,AT-0427,Monitor,Samsung,"Odyssey G5 27"" Curvo (165Hz)",,,,MON-SAM-005,,monitor~samsung~curvo-g5-odyssey~27in,,,,460,2026-09-10,,,
AT-0428,AT-0428-01,Notebook,Apple,"MacBook Air M5 13.6"" 16GB/1TB (Midnight)",Midnight,,01,NB-APP-007,,notebook~apple~air-m5-macbook~13in-16gb-1tb-tecladoen,,,,1793,2026-09-10,,,
AT-0428,AT-0428-02,Notebook,Apple,"MacBook Air M5 13.6"" 16GB/1TB (Midnight)",Silver,,02,NB-APP-007,,notebook~apple~air-m5-macbook~13in-16gb-1tb-tecladoen,,,,1793,2026-09-10,,,hay foto; la planilla no la vende hoy
AT-0428,AT-0428-03,Notebook,Apple,"MacBook Air M5 13.6"" 16GB/1TB (Midnight)",Sky Blue,,03,NB-APP-007,,notebook~apple~air-m5-macbook~13in-16gb-1tb-tecladoen,,,,1793,2026-09-10,,,hay foto; la planilla no la vende hoy
AT-0428,AT-0428-04,Notebook,Apple,"MacBook Air M5 13.6"" 16GB/1TB (Midnight)",Starlight,,04,NB-APP-007,,notebook~apple~air-m5-macbook~13in-16gb-1tb-tecladoen,,,,1793,2026-09-10,,,hay foto; la planilla no la vende hoy
AT-0429,AT-0429-01,Notebook,Apple,"MacBook Air M5 13.6"" 24GB/1TB (Sky Blue)",Sky Blue,,01,NB-APP-082,,notebook~apple~air-m5-macbook~13in-24gb-1tb-tecladoen,,,,2167,2026-09-10,,,
AT-0429,AT-0429-02,Notebook,Apple,"MacBook Air M5 13.6"" 24GB/1TB (Sky Blue)",Midnight,,02,NB-APP-082,,notebook~apple~air-m5-macbook~13in-24gb-1tb-tecladoen,,,,2167,2026-09-10,,,hay foto; la planilla no la vende hoy
AT-0429,AT-0429-03,Notebook,Apple,"MacBook Air M5 13.6"" 24GB/1TB (Sky Blue)",Silver,,03,NB-APP-082,,notebook~apple~air-m5-macbook~13in-24gb-1tb-tecladoen,,,,2167,2026-09-10,,,hay foto; la planilla no la vende hoy
AT-0429,AT-0429-04,Notebook,Apple,"MacBook Air M5 13.6"" 24GB/1TB (Sky Blue)",Starlight,,04,NB-APP-082,,notebook~apple~air-m5-macbook~13in-24gb-1tb-tecladoen,,,,2167,2026-09-10,,,hay foto; la planilla no la vende hoy
AT-0430,AT-0430-01,Notebook,Apple,"MacBook Air M5 15"" 16GB/512GB (Starlight/Sky Blue/Silver)",Starlight,,01,NB-APP-035,,notebook~apple~air-m5-macbook~15in-16gb-512gb-tecladoen,,,,1870,2026-09-10,,,
AT-0430,AT-0430-02,Notebook,Apple,"MacBook Air M5 15"" 16GB/512GB (Starlight/Sky Blue/Silver)",Sky Blue,,02,NB-APP-035,,notebook~apple~air-m5-macbook~15in-16gb-512gb-tecladoen,,,,1870,2026-09-10,,,
AT-0430,AT-0430-03,Notebook,Apple,"MacBook Air M5 15"" 16GB/512GB (Starlight/Sky Blue/Silver)",Silver,sil,03,NB-APP-035,,notebook~apple~air-m5-macbook~15in-16gb-512gb-tecladoen,,,,1870,2026-09-10,,,
AT-0430,AT-0430-04,Notebook,Apple,"MacBook Air M5 15"" 16GB/512GB (Starlight/Sky Blue/Silver)",Midnight,,04,NB-APP-035,,notebook~apple~air-m5-macbook~15in-16gb-512gb-tecladoen,,,,1870,2026-09-10,,,hay foto; la planilla no la vende hoy
AT-0431,AT-0431-01,Notebook,Apple,"MacBook Air M5 15"" 24GB/1TB (Sky Blue)",Sky Blue,,01,NB-APP-084,,notebook~apple~air-m5-macbook~15in-24gb-1tb-tecladoen,,,,2464,2026-09-10,,,
AT-0432,AT-0432-01,Notebook,Apple,"MacBook Neo A18 13"" 8GB/256GB (Citrus/Indigo)",Citrus,,01,NB-APP-001,,notebook~apple~a18-macbook-neo~13in-8gb-256gb-tecladoen,,,,847,2026-09-10,,,
AT-0432,AT-0432-02,Notebook,Apple,"MacBook Neo A18 13"" 8GB/256GB (Citrus/Indigo)",Indigo,,02,NB-APP-001,,notebook~apple~a18-macbook-neo~13in-8gb-256gb-tecladoen,,,,847,2026-09-10,,,
AT-0433,AT-0433-01,Notebook,Apple,"MacBook Neo A18 13"" 8GB/256GB (Silver/Citrus)",Silver,sil,01,NB-APP-088,,notebook~apple~a18-macbook-neo~13in-8gb-256gb-tecladoes,,,,891,2026-09-10,,,
AT-0433,AT-0433-02,Notebook,Apple,"MacBook Neo A18 13"" 8GB/256GB (Silver/Citrus)",Citrus,,02,NB-APP-088,,notebook~apple~a18-macbook-neo~13in-8gb-256gb-tecladoes,,,,891,2026-09-10,,,
AT-0434,AT-0434-01,Notebook,Apple,"MacBook Neo A18 13"" 8GB/512GB (Blush)",Blush,,01,NB-APP-098,,notebook~apple~a18-macbook-neo~13in-8gb-512gb-tecladoen,,,,1007,2026-09-10,,,
AT-0434,AT-0434-02,Notebook,Apple,"MacBook Neo A18 13"" 8GB/512GB (Blush)",Citrus,,02,NB-APP-002,,notebook~apple~a18-macbook-neo~13in-8gb-512gb-tecladoen,,,,1007,2026-09-10,,,
AT-0434,AT-0434-03,Notebook,Apple,"MacBook Neo A18 13"" 8GB/512GB (Blush)",Indigo,,03,NB-APP-098,,notebook~apple~a18-macbook-neo~13in-8gb-512gb-tecladoen,,,,1007,2026-09-10,,,hay foto; la planilla no la vende hoy
AT-0435,AT-0435-01,Notebook,Apple,"MacBook Pro M4 Pro 14"" 24GB/1TB (Space Black/Silver)",Space Black,,01,NB-APP-034,,notebook~apple~m4pro-macbook-pro~14in-24gb-1tb-tecladoen,,,,2662,2026-09-10,,,
AT-0435,AT-0435-02,Notebook,Apple,"MacBook Pro M4 Pro 14"" 24GB/1TB (Space Black/Silver)",Silver,sil,02,NB-APP-034,,notebook~apple~m4pro-macbook-pro~14in-24gb-1tb-tecladoen,,,,2662,2026-09-10,,,
AT-0436,AT-0436-01,Notebook,Apple,"MacBook Pro M4 Pro 14"" 24GB/512GB (Silver)",Silver,sil,01,NB-APP-013,,notebook~apple~m4pro-macbook-pro~14in-24gb-512gb-tecladoen,,,,2343,2026-09-10,,,
AT-0437,AT-0437-01,Notebook,Apple,"MacBook Pro M5 14"" 16GB/1TB (Silver)",Silver,sil,01,NB-APP-018,,notebook~apple~m5-macbook-pro~14in-16gb-1tb-tecladoen,,,,2233,2026-09-10,,,
AT-0437,AT-0437-02,Notebook,Apple,"MacBook Pro M5 14"" 16GB/1TB (Silver)",Space Black,,02,NB-APP-018,,notebook~apple~esp-m5-macbook-pro~14in-16gb-1tb-tecladoen,,,,2288,2026-09-11,,,variante agregada el 2026-09-11
AT-0438,AT-0438-01,Notebook,Apple,"MacBook Pro M5 14"" 24GB/1TB (Silver)",Silver,sil,01,NB-APP-099,,notebook~apple~m5-macbook-pro~14in-24gb-1tb-tecladoen,,,,2607,2026-09-10,,,
AT-0438,AT-0438-02,Notebook,Apple,"MacBook Pro M5 14"" 24GB/1TB (Silver)",Space Black,,02,NB-APP-019,,notebook~apple~m5-macbook-pro~14in-24gb-1tb-tecladoen,,,,2607,2026-09-10,,,
AT-0439,AT-0439-01,Notebook,Apple,"MacBook Pro M5 14"" 32GB/1TB (Space Black)",Space Black,,01,NB-APP-020,,notebook~apple~m5-macbook-pro~14in-32gb-1tb-tecladoen,,,,2904,2026-09-10,,,
AT-0440,AT-0440-01,Notebook,Apple,"MacBook Pro M5 Max 14"" 36GB/2TB (Silver/Midnight)",Silver,sil,01,NB-APP-023,,notebook~apple~m5max-macbook-pro~14in-36gb-2tb-tecladoen,,,,4565,2026-09-10,,,
AT-0440,AT-0440-02,Notebook,Apple,"MacBook Pro M5 Max 14"" 36GB/2TB (Silver/Midnight)",Midnight,,02,NB-APP-023,,notebook~apple~m5max-macbook-pro~14in-36gb-2tb-tecladoen,,,,4565,2026-09-10,,,
AT-0441,AT-0441-01,Notebook,Apple,"MacBook Pro M5 Max 16"" 36GB/2TB (Silver)",Silver,sil,01,NB-APP-026,,notebook~apple~m5max-macbook-pro~16in-36gb-2tb-tecladoen,,,,4708,2026-09-10,,,
AT-0441,AT-0441-02,Notebook,Apple,"MacBook Pro M5 Max 16"" 36GB/2TB (Silver)",Space Black,,02,NB-APP-100,,notebook~apple~m5max-macbook-pro~16in-36gb-2tb-tecladoen,,,,4708,2026-09-10,,,
AT-0442,AT-0442-01,Notebook,Apple,"MacBook Pro M5 Max 16"" 48GB/2TB (Space Black)",Space Black,,01,NB-APP-027,,notebook~apple~m5max-macbook-pro~16in-48gb-2tb-tecladoen,,,,5500,2026-09-10,,,
AT-0442,AT-0442-02,Notebook,Apple,"MacBook Pro M5 Max 16"" 48GB/2TB (Space Black)",Silver,,02,NB-APP-027,,notebook~apple~m5max-macbook-pro~16in-48gb-2tb-tecladoen,,,,5500,2026-09-10,,,hay foto; la planilla no la vende hoy
AT-0443,AT-0443-01,Notebook,Apple,"MacBook Pro M5 Pro 14"" 24GB/1TB (Space Black)",Space Black,,01,NB-APP-094,,notebook~apple~m5pro-macbook-pro~14in-24gb-1tb-tecladoes,,,,2970,2026-09-10,,,
AT-0444,AT-0444-01,Notebook,Apple,"MacBook Pro M5 Pro 14"" 24GB/1TB (Space Black/Silver)",Space Black,,01,NB-APP-021,,notebook~apple~m5pro-macbook-pro~14in-24gb-1tb-tecladoen,,,,2849,2026-09-10,,,
AT-0444,AT-0444-02,Notebook,Apple,"MacBook Pro M5 Pro 14"" 24GB/1TB (Space Black/Silver)",Silver,sil,02,NB-APP-021,,notebook~apple~m5pro-macbook-pro~14in-24gb-1tb-tecladoen,,,,2849,2026-09-10,,,
AT-0445,AT-0445-01,Notebook,Apple,"MacBook Pro M5 Pro 14"" 24GB/2TB (Space Black)",Space Black,,01,NB-APP-022,,notebook~apple~m5pro-macbook-pro~14in-24gb-2tb-tecladoen,,,,3300,2026-09-10,,,
AT-0446,AT-0446-01,Notebook,Apple,"MacBook Pro M5 Pro 16"" 24GB/1TB (Space Black)",Space Black,,01,NB-APP-024,,notebook~apple~m5pro-macbook-pro~16in-24gb-1tb-tecladoen,,,,3245,2026-09-10,,,
AT-0447,AT-0447-01,Notebook,Apple,"MacBook Pro M5 Pro 16"" 48GB/1TB (Space Black)",Space Black,,01,NB-APP-025,,notebook~apple~m5pro-macbook-pro~16in-48gb-1tb-tecladoen,,,,4180,2026-09-10,,,
AT-0448,AT-0448-01,Parlante,JBL,Charge 6 (Camo),Camo,,01,AUD-JBL-002,,parlante~jbl~6-charge,,,,205,2026-09-10,,,
AT-0449,AT-0449-01,Smartwatch,Apple,Watch SE 2ND Gen 40mm GPS M/L (Midnight),Midnight,,01,SW-APP-001,,smartwatch~apple~se-watch~gen2-40mm-ml-gps,,,,280,2026-09-10,,,
AT-0450,AT-0450-01,Smartwatch,Apple,Watch SE 2ND Gen 44mm GPS S/L (Midnight),Midnight,,01,SW-APP-002,,smartwatch~apple~se-watch~gen2-44mm-sl-gps,,,,290,2026-09-10,,,
AT-0451,AT-0451-01,Smartwatch,Apple,Watch SE 3 40mm GPS S/M (Midnight/Starlight),Midnight,,01,SW-APP-004,,smartwatch~apple~3-se-watch~40mm-sm-gps,,,,325,2026-09-10,,,
AT-0451,AT-0451-02,Smartwatch,Apple,Watch SE 3 40mm GPS S/M (Midnight/Starlight),Starlight,,02,SW-APP-004,,smartwatch~apple~3-se-watch~40mm-sm-gps,,,,325,2026-09-10,,,
AT-0452,AT-0452-01,Smartwatch,Apple,Watch SE 3 44mm GPS M/L (Midnight/Starlight),Midnight,,01,SW-APP-005,,smartwatch~apple~3-se-watch~44mm-ml-gps,,,,355,2026-09-10,,,
AT-0452,AT-0452-02,Smartwatch,Apple,Watch SE 3 44mm GPS M/L (Midnight/Starlight),Starlight,,02,SW-APP-005,,smartwatch~apple~3-se-watch~44mm-ml-gps,,,,355,2026-09-10,,,
AT-0453,AT-0453-01,Smartwatch,Apple,Watch Series 11 42mm GPS S/M (Jet Black/Silver/Space Gray),Jet Black,,01,SW-APP-039,,smartwatch~apple~11-series-watch~42mm-sm-gps,,,,410,2026-09-10,,,
AT-0453,AT-0453-02,Smartwatch,Apple,Watch Series 11 42mm GPS S/M (Jet Black/Silver/Space Gray),Silver,sil,02,SW-APP-039,,smartwatch~apple~11-series-watch~42mm-sm-gps,,,,410,2026-09-10,,,
AT-0453,AT-0453-03,Smartwatch,Apple,Watch Series 11 42mm GPS S/M (Jet Black/Silver/Space Gray),Space Gray,,03,SW-APP-039,,smartwatch~apple~11-series-watch~42mm-sm-gps,,,,410,2026-09-10,,,
AT-0453,AT-0453-04,Smartwatch,Apple,Watch Series 11 42mm GPS S/M (Jet Black/Silver/Space Gray),Rose Gold,,04,SW-APP-021,,smartwatch~apple~11-series-watch~42mm-sm-gps,,,,410,2026-09-10,,,
AT-0454,AT-0454-01,Smartwatch,Apple,Watch Series 11 46mm GPS M/L (Jet Black/Silver/Space Gray/Rose Gold),Jet Black,,01,SW-APP-045,,smartwatch~apple~11-series-watch~46mm-ml-gps,,,,430,2026-09-10,,,
AT-0454,AT-0454-02,Smartwatch,Apple,Watch Series 11 46mm GPS M/L (Jet Black/Silver/Space Gray/Rose Gold),Silver,sil,02,SW-APP-045,,smartwatch~apple~11-series-watch~46mm-ml-gps,,,,430,2026-09-10,,,
AT-0454,AT-0454-03,Smartwatch,Apple,Watch Series 11 46mm GPS M/L (Jet Black/Silver/Space Gray/Rose Gold),Space Gray,,03,SW-APP-045,,smartwatch~apple~11-series-watch~46mm-ml-gps,,,,430,2026-09-10,,,
AT-0454,AT-0454-04,Smartwatch,Apple,Watch Series 11 46mm GPS M/L (Jet Black/Silver/Space Gray/Rose Gold),Rose Gold,,04,SW-APP-045,,smartwatch~apple~11-series-watch~46mm-ml-gps,,,,430,2026-09-10,,,
AT-0455,AT-0455-01,Smartwatch,Apple,Watch Ultra 3 49mm (Black/Black Alpine Loop M),Black,bla|black keys|negro|teclas negras,01,SW-APP-014,SW-APP-016|SW-APP-017,smartwatch~apple~3-ultra-watch~49mm-m,smartwatch~apple~3-ultra-watch~49mm-trailloop-ml|smartwatch~apple~3-ultra-watch~49mm-oceanband,Watch Ultra 3 49MM Natural / Blue Trail Loop M/L|Watch Ultra 3 49MM Natural / Anchor Blue Ocean Band,,805,2026-09-10,,,
AT-0455,AT-0455-02,Smartwatch,Apple,Watch Ultra 3 49mm (Black/Black Alpine Loop M),Black Alpine Loop M,,02,SW-APP-014,SW-APP-016|SW-APP-017,smartwatch~apple~3-ultra-watch~49mm-m,smartwatch~apple~3-ultra-watch~49mm-trailloop-ml|smartwatch~apple~3-ultra-watch~49mm-oceanband,Watch Ultra 3 49MM Natural / Blue Trail Loop M/L|Watch Ultra 3 49MM Natural / Anchor Blue Ocean Band,,805,2026-09-10,,,
AT-0455,AT-0455-03,Smartwatch,Apple,Watch Ultra 3 49mm (Black/Black Alpine Loop M),Blue Trail Loop M,,03,SW-APP-013,SW-APP-016|SW-APP-017,smartwatch~apple~3-ultra-watch~49mm-m,smartwatch~apple~3-ultra-watch~49mm-trailloop-ml|smartwatch~apple~3-ultra-watch~49mm-oceanband,Watch Ultra 3 49MM Natural / Blue Trail Loop M/L|Watch Ultra 3 49MM Natural / Anchor Blue Ocean Band,,805,2026-09-10,,,
AT-0455,AT-0455-04,Smartwatch,Apple,Watch Ultra 3 49mm (Black/Black Alpine Loop M),Anchor Blue Ocean Band,,04,SW-APP-013,SW-APP-016|SW-APP-017,smartwatch~apple~3-ultra-watch~49mm-m,smartwatch~apple~3-ultra-watch~49mm-trailloop-ml|smartwatch~apple~3-ultra-watch~49mm-oceanband,Watch Ultra 3 49MM Natural / Blue Trail Loop M/L|Watch Ultra 3 49MM Natural / Anchor Blue Ocean Band,,805,2026-09-10,,,
AT-0455,AT-0455-05,Smartwatch,Apple,Watch Ultra 3 49mm (Black/Black Alpine Loop M),Blue,,05,SW-APP-017,SW-APP-016,smartwatch~apple~3-ultra-watch~49mm-oceanband,smartwatch~apple~3-ultra-watch~49mm-trailloop-ml,Watch Ultra 3 49MM Natural / Blue Trail Loop M/L|Watch Ultra 3 49MM Natural / Anchor Blue Ocean Band,,800,2026-09-11,,,variante agregada el 2026-09-11
AT-0456,AT-0456-01,Smartwatch,Apple,Watch Ultra 3 49mm (Black/Black Milanese Loop L),Black,bla|black keys|negro|teclas negras,01,SW-APP-036,,smartwatch~apple~3-ultra-watch~49mm-l,,,,960,2026-09-10,,,
AT-0456,AT-0456-02,Smartwatch,Apple,Watch Ultra 3 49mm (Black/Black Milanese Loop L),Black Milanese Loop L,,02,SW-APP-036,,smartwatch~apple~3-ultra-watch~49mm-l,,,,960,2026-09-10,,,
AT-0456,AT-0456-03,Smartwatch,Apple,Watch Ultra 3 49mm (Black/Black Milanese Loop L),Natural,,03,SW-APP-056,,smartwatch~apple~3-ultra-watch~49mm-l,,,,960,2026-09-10,,,
AT-0456,AT-0456-04,Smartwatch,Apple,Watch Ultra 3 49mm (Black/Black Milanese Loop L),Natural Milanese Loop L,,04,SW-APP-056,,smartwatch~apple~3-ultra-watch~49mm-l,,,,960,2026-09-10,,,
AT-0457,AT-0457-01,Smartwatch,Garmin,Approach S70 42mm (Black Ceramic · Black Peach),Black Ceramic · Black Peach,,01,SW-GAR-004,,smartwatch~garmin~approach-s70~42mm,,,,574,2026-09-10,,,
AT-0458,AT-0458-01,Smartwatch,Garmin,Epix Pro (Gen 2) 42mm Sapphire (Blanco),Blanco,teclas blancas|whi|white|whites,01,SW-GAR-002,,smartwatch~garmin~2-epix-gen-pro~42mm,,,,544,2026-09-10,,,
AT-0459,AT-0459-01,Smartwatch,Garmin,Epix Pro (Gen 2) 51mm Sapphire (Titanio Gris · Blanco),Titanio Gris · Blanco,,01,SW-GAR-003,,smartwatch~garmin~2-epix-gen-pro~51mm,,,,694,2026-09-10,,,
AT-0460,AT-0460-01,Smartwatch,Garmin,Instinct 2S Solar (Grafito),Grafito,graphite,01,SW-GAR-001,,smartwatch~garmin~2s-instinct-solar,,,,304,2026-09-10,,,
AT-0461,AT-0461-01,Smartwatch,Kieslect,AI Watch Elite 2 (Titan Black · Black Leather),Titan Black · Black Leather,,01,SW-KIE-004,,smartwatch~kieslect~2-ai-elite-watch,,,,125,2026-09-10,,,
AT-0462,AT-0462-01,Smartwatch,Kieslect,Calling Watch Kr 3 (Denim · Denim + Milky White Silicone),Denim · Denim + Milky White Silicone,,01,SW-KIE-001,,smartwatch~kieslect~3-calling-kr-watch,,,,115,2026-09-10,,,
AT-0463,AT-0463-01,Smartwatch,Kieslect,Calling Watch Kr Ultra 3 (Ice White · White Leather + White Silicone),Ice White · White Leather + White Silicone,,01,SW-KIE-002,,smartwatch~kieslect~3-calling-kr-ultra-watch,,,,115,2026-09-10,,,
AT-0464,AT-0464-01,Smartwatch,Kieslect,Lady Watch Elfin (Graphite Black · Black Metal + Brown Leather / Rose Gold · Gold Metal + White / Moonlit Silver · Silver Metal + Purple Silicone),Graphite Black · Black Metal + Brown Leather,,01,SW-KIE-003,,smartwatch~kieslect~elfin-lady-watch,,,,115,2026-09-10,,,
AT-0464,AT-0464-02,Smartwatch,Kieslect,Lady Watch Elfin (Graphite Black · Black Metal + Brown Leather / Rose Gold · Gold Metal + White / Moonlit Silver · Silver Metal + Purple Silicone),Rose Gold · Gold Metal + White,,02,SW-KIE-003,,smartwatch~kieslect~elfin-lady-watch,,,,115,2026-09-10,,,
AT-0464,AT-0464-03,Smartwatch,Kieslect,Lady Watch Elfin (Graphite Black · Black Metal + Brown Leather / Rose Gold · Gold Metal + White / Moonlit Silver · Silver Metal + Purple Silicone),Moonlit Silver · Silver Metal + Purple Silicone,,03,SW-KIE-003,,smartwatch~kieslect~elfin-lady-watch,,,,115,2026-09-10,,,
AT-0465,AT-0465-01,Tablet,Apple,iPad 11 A16 512gb (Blue),Blue,blu,01,TAB-APP-042,,tablet~apple~11-a16-ipad~512gb,,,,760,2026-09-10,,,
AT-0465,AT-0465-02,Tablet,Apple,iPad 11 A16 512gb (Blue),Silver,,02,TAB-APP-065,,tablet~apple~11-a16-ipad~512gb,,,,840,2026-09-11,,,variante agregada el 2026-09-11
AT-0466,AT-0466-01,Tablet,Apple,"iPad 11"" A16 128GB (Blue/Silver)",Blue,blu,01,TAB-APP-001,,tablet~apple~a16-ipad~11in-128gb,,,,500,2026-09-10,,,
AT-0466,AT-0466-02,Tablet,Apple,"iPad 11"" A16 128GB (Blue/Silver)",Silver,sil,02,TAB-APP-001,,tablet~apple~a16-ipad~11in-128gb,,,,500,2026-09-10,,,
AT-0467,AT-0467-01,Tablet,Apple,"iPad 11"" A16 256GB (Blue)",Blue,blu,01,TAB-APP-002,TAB-APP-064,tablet~apple~a16-ipad~11in-256gb,tablet~apple~11-a16-ipad~256gb,iPad 11 A16 256GB (Silver),,625,2026-09-10,,,
AT-0467,AT-0467-02,Tablet,Apple,"iPad 11"" A16 256GB (Blue)",Yellow,,02,TAB-APP-002,TAB-APP-064,tablet~apple~a16-ipad~11in-256gb,tablet~apple~11-a16-ipad~256gb,iPad 11 A16 256GB (Silver),,625,2026-09-10,,,hay foto; la planilla no la vende hoy
AT-0467,AT-0467-03,Tablet,Apple,"iPad 11"" A16 256GB (Blue)",Silver,,03,TAB-APP-064,,tablet~apple~11-a16-ipad~256gb,,,,640,2026-09-11,,,variante agregada el 2026-09-11
AT-0468,AT-0468-01,Tablet,Apple,"iPad Air 11"" M4 128GB (Space Gray/Purple)",Space Gray,,01,TAB-APP-006,,tablet~apple~air-ipad-m4~11in-128gb,,,,790,2026-09-10,,,
AT-0468,AT-0468-02,Tablet,Apple,"iPad Air 11"" M4 128GB (Space Gray/Purple)",Purple,pur,02,TAB-APP-006,,tablet~apple~air-ipad-m4~11in-128gb,,,,790,2026-09-10,,,
AT-0468,AT-0468-03,Tablet,Apple,"iPad Air 11"" M4 128GB (Space Gray/Purple)",Blue,,03,TAB-APP-006,,tablet~apple~air-ipad-m4~11in-128gb,,,,790,2026-09-10,,,hay foto; la planilla no la vende hoy
AT-0468,AT-0468-04,Tablet,Apple,"iPad Air 11"" M4 128GB (Space Gray/Purple)",Starlight,,04,TAB-APP-006,,tablet~apple~air-ipad-m4~11in-128gb,,,,790,2026-09-10,,,hay foto; la planilla no la vende hoy
AT-0469,AT-0469-01,Tablet,Apple,"iPad Air 11"" M4 256GB (Space Gray)",Space Gray,,01,TAB-APP-062,,tablet~apple~air-ipad-m4~11in-256gb,,,,960,2026-09-10,,,
AT-0469,AT-0469-02,Tablet,Apple,"iPad Air 11"" M4 256GB (Space Gray)",Starlight,,02,TAB-APP-007,,tablet~apple~air-ipad-m4~11in-256gb,,,,960,2026-09-10,,,
AT-0469,AT-0469-03,Tablet,Apple,"iPad Air 11"" M4 256GB (Space Gray)",Blue,,03,TAB-APP-062,,tablet~apple~air-ipad-m4~11in-256gb,,,,960,2026-09-10,,,hay foto; la planilla no la vende hoy
AT-0469,AT-0469-04,Tablet,Apple,"iPad Air 11"" M4 256GB (Space Gray)",Purple,,04,TAB-APP-062,,tablet~apple~air-ipad-m4~11in-256gb,,,,940,2026-09-11,,,variante agregada el 2026-09-11
AT-0470,AT-0470-01,Tablet,Apple,"iPad Air 11"" M4 512GB (Space Gray)",Space Gray,,01,TAB-APP-011,,tablet~apple~air-ipad-m4~11in-512gb,,,,1150,2026-09-10,,,
AT-0471,AT-0471-01,Tablet,Apple,"iPad Air 13"" M3 128GB (Blue/Purple)",Blue,blu,01,TAB-APP-058,,tablet~apple~air-ipad-m3~13in-128gb,,"iPad Air 13"" (7ª Gen M3) 128GB (Blue/Purple)",,930,2026-09-10,,,
AT-0471,AT-0471-02,Tablet,Apple,"iPad Air 13"" M3 128GB (Blue/Purple)",Purple,pur,02,TAB-APP-058,,tablet~apple~air-ipad-m3~13in-128gb,,"iPad Air 13"" (7ª Gen M3) 128GB (Blue/Purple)",,930,2026-09-10,,,
AT-0472,AT-0472-01,Tablet,Apple,"iPad Air 13"" M4 128GB (Blue)",Blue,blu,01,TAB-APP-063,,tablet~apple~air-ipad-m4~13in-128gb,,,,990,2026-09-10,,,
AT-0472,AT-0472-02,Tablet,Apple,"iPad Air 13"" M4 128GB (Blue)",Space Gray,,02,TAB-APP-008,,tablet~apple~air-ipad-m4~13in-128gb,,,,990,2026-09-10,,,
AT-0472,AT-0472-03,Tablet,Apple,"iPad Air 13"" M4 128GB (Blue)",Starlight,,03,TAB-APP-063,,tablet~apple~air-ipad-m4~13in-128gb,,,,990,2026-09-10,,,hay foto; la planilla no la vende hoy
AT-0473,AT-0473-01,Tablet,Apple,"iPad Air 13"" M4 256GB (Space Gray/Starlight)",Space Gray,,01,TAB-APP-009,,tablet~apple~air-ipad-m4~13in-256gb,,,,1110,2026-09-10,,,
AT-0473,AT-0473-02,Tablet,Apple,"iPad Air 13"" M4 256GB (Space Gray/Starlight)",Starlight,,02,TAB-APP-009,,tablet~apple~air-ipad-m4~13in-256gb,,,,1110,2026-09-10,,,
AT-0473,AT-0473-03,Tablet,Apple,"iPad Air 13"" M4 256GB (Space Gray/Starlight)",Blue,,03,TAB-APP-009,,tablet~apple~air-ipad-m4~13in-256gb,,,,1110,2026-09-10,,,hay foto; la planilla no la vende hoy
AT-0474,AT-0474-01,Tablet,Apple,iPad Mini 7MA Gen 128GB (Space Gray),Space Gray,,01,TAB-APP-003,,tablet~apple~ipad-mini~gen7-128gb,,,,700,2026-09-10,,,
AT-0474,AT-0474-02,Tablet,Apple,iPad Mini 7MA Gen 128GB (Space Gray),Starlight,,02,TAB-APP-003,,tablet~apple~ipad-mini~gen7-128gb,,,,700,2026-09-11,,,variante agregada el 2026-09-11
AT-0474,AT-0474-03,Tablet,Apple,iPad Mini 7MA Gen 128GB (Space Gray),Purple,,03,TAB-APP-003,,tablet~apple~ipad-mini~gen7-128gb,,,,700,2026-09-11,,,variante agregada el 2026-09-11
AT-0475,AT-0475-01,Tablet,Apple,iPad Mini 7ma Gen 256gb (Space Gray),Space Gray,,01,TAB-APP-004,,tablet~apple~ipad-mini~gen7-256gb,,,,820,2026-09-10,,,
AT-0476,AT-0476-01,Tablet,Apple,"iPad Pro 11"" M4 256GB (Space Black)",Space Black,,01,TAB-APP-010,,tablet~apple~ipad-m4-pro~11in-256gb,,,,1120,2026-09-10,,,
AT-0477,AT-0477-01,Tablet,Apple,"iPad Pro 11"" M4 2TB (Space Black)",Space Black,,01,TAB-APP-012,,tablet~apple~ipad-m4-pro~11in-2tb,,,,1520,2026-09-10,,,
AT-0478,AT-0478,Tablet,Apple,"iPad Pro 11"" M4 512GB",,,,TAB-APP-046,,tablet~apple~ipad-m4-pro~11in-512gb,,,,1320,2026-09-10,,,
AT-0479,AT-0479-01,Tablet,Apple,"iPad Pro 11"" M5 256GB (Space Black)",Space Black,,01,TAB-APP-015,,tablet~apple~ipad-m5-pro~11in-256gb,,,,1190,2026-09-10,,,
AT-0479,AT-0479-02,Tablet,Apple,"iPad Pro 11"" M5 256GB (Space Black)",Silver,,02,TAB-APP-015,,tablet~apple~ipad-m5-pro~11in-256gb,,,,1190,2026-09-10,,,hay foto; la planilla no la vende hoy
AT-0480,AT-0480-01,Tablet,Apple,"iPad Pro 11"" M5 512GB (Space Black)",Space Black,,01,TAB-APP-047,,tablet~apple~ipad-m5-pro~11in-512gb,,,,1440,2026-09-10,,,
AT-0481,AT-0481-01,Tablet,Apple,"iPad Pro 11"" M5 512GB Cell 5G LTE + Wi-Fi (Standard Glass) (Space Black)",Space Black,,01,TAB-APP-059,,tablet~apple~cell-glass-ipad-m5-pro-standard~11in-512gb-5g-cellular,,,,1720,2026-09-10,,,
AT-0482,AT-0482-01,Tablet,Apple,"iPad Pro 13"" M4 256GB (Silver)",Silver,sil,01,TAB-APP-013,,tablet~apple~ipad-m4-pro~13in-256gb,,,,1320,2026-09-10,,,
AT-0483,AT-0483-01,Tablet,Apple,"iPad Pro 13"" M5 256GB (Space Black/Silver)",Space Black,,01,TAB-APP-018,,tablet~apple~ipad-m5-pro~13in-256gb,,,,1430,2026-09-10,,,
AT-0483,AT-0483-02,Tablet,Apple,"iPad Pro 13"" M5 256GB (Space Black/Silver)",Silver,sil,02,TAB-APP-018,,tablet~apple~ipad-m5-pro~13in-256gb,,,,1430,2026-09-10,,,
AT-0484,AT-0484-01,Tablet,Apple,"iPad Pro 13"" M5 512GB (Space Black)",Space Black,,01,TAB-APP-019,,tablet~apple~ipad-m5-pro~13in-512gb,,,,1660,2026-09-10,,,
AT-0485,AT-0485-01,Tablet,Samsung,Galaxy Tab A11 4G LTE 4/64GB (Gray),Gray,cinza|grey|gris,01,TAB-SAM-040,,tablet~samsung~a11-galaxy-tab~4gb-64gb-4g-cellular,,,,260,2026-09-10,,,
AT-0486,AT-0486-01,Tablet,Samsung,Galaxy Tab A11 Wifi 4/64GB (Gray),Gray,cinza|grey|gris,01,TAB-SAM-039,,tablet~samsung~a11-galaxy-tab~4gb-64gb,,,,205,2026-09-10,,,
AT-0487,AT-0487-01,Tablet,Samsung,Galaxy Tab A11+ 5G 6/128GB (Gray),Gray,cinza|grey|gris,01,TAB-SAM-036,,tablet~samsung~a11-galaxy-plus-tab~6gb-128gb-5g,,,,400,2026-09-10,,,
AT-0488,AT-0488,Tablet,Samsung,Galaxy Tab A11+ 6/128GB,,,,TAB-SAM-035,,tablet~samsung~a11-galaxy-plus-tab~6gb-128gb,,,,345,2026-09-10,,,
AT-0489,AT-0489-01,Tablet,Samsung,Galaxy Tab S10 FE 5G 8/128GB Book Cover +Pencil (Gray),Gray,cinza|grey|gris,01,TAB-SAM-042,,tablet~samsung~book-cover-fe-galaxy-pencil-s10-tab~8gb-128gb-5g,,,,615,2026-09-10,,,
AT-0490,AT-0490-01,Tablet,Samsung,"Galaxy Tab S10 FE Plus 13.1"" 256GB +Pencil (Silver)",Silver,sil,01,TAB-SAM-022,,tablet~samsung~fe-galaxy-pencil-plus-s10-tab~13in-256gb,tablet~samsung~fe-galaxy-incluye-plus-s-pen-s10-solo-tab~256gb,Galaxy Tab S10 FE Plus 256GB · Incluye Solo S-Pen (Silver),,850,2026-09-10,,,
AT-0491,AT-0491-01,Tablet,Samsung,Galaxy Tab S10 FE Plus Wifi 12/256GB +Pencil (Lightblue),Lightblue,light blue,01,TAB-SAM-043,,tablet~samsung~fe-galaxy-pencil-plus-s10-tab~12gb-256gb,,,,780,2026-09-10,,,
AT-0492,AT-0492-01,Tablet,Samsung,Galaxy Tab S10 FE Plus Wifi 8/128GB +Pencil (Gray),Gray,cinza|grey|gris,01,TAB-SAM-027,,tablet~samsung~fe-galaxy-pencil-plus-s10-tab~8gb-128gb,,,,625,2026-09-10,,,
AT-0493,AT-0493-01,Tablet,Samsung,Galaxy Tab S10 FE Wifi 12/256GB +Pencil (Lightblue),Lightblue,light blue,01,TAB-SAM-041,,tablet~samsung~fe-galaxy-pencil-s10-tab~12gb-256gb,,,,590,2026-09-10,,,
AT-0494,AT-0494-01,Tablet,Samsung,Galaxy Tab S10 FE Wifi 8/128GB +Pencil (Gray),Gray,cinza|grey|gris,01,TAB-SAM-014,,tablet~samsung~fe-galaxy-pencil-s10-tab~8gb-128gb,,,,490,2026-09-10,,,
AT-0495,AT-0495-01,Tablet,Samsung,"Galaxy Tab S10 Lite 10.9"" Wi-Fi 6/128GB (Gray)",Gray,cinza|grey|gris,01,TAB-SAM-037,,tablet~samsung~galaxy-lite-s10-tab~10in-6gb-128gb,,,,460,2026-09-10,,,
AT-0496,AT-0496-01,Tablet,Samsung,Galaxy Tab S11 Ultra 256GB +Pencil (Black),Black,bla|black keys|negro|teclas negras,01,TAB-SAM-046,,tablet~samsung~galaxy-pencil-s11-tab-ultra~256gb,tablet~samsung~galaxy-incluye-s-pen-s11-solo-tab-ultra~256gb,Galaxy Tab S11 Ultra 256GB · Incluye Solo S-Pen (Black),,1230,2026-09-10,,,
AT-0497,AT-0497-01,Tablet,Samsung,Galaxy Tab S11 Ultra Wifi 12/256GB +Pencil (Gray),Gray,cinza|grey|gris,01,TAB-SAM-044,,tablet~samsung~galaxy-pencil-s11-tab-ultra~12gb-256gb,,,,1150,2026-09-10,,,
AT-0498,AT-0498-01,Tablet,Samsung,Galaxy Tab S11 Wifi 12/128GB +Pencil (Gray),Gray,cinza|grey|gris,01,TAB-SAM-038,,tablet~samsung~galaxy-pencil-s11-tab~12gb-128gb,,,,750,2026-09-10,,,
AT-0499,AT-0499-01,Tablet,Xiaomi,"Redmi Pad 2 Pro 12"" 6/128GB (Gris)",Gris,cinza|gray|grey,01,TAB-XIA-007,,tablet~xiaomi~2-pad-pro-redmi~12in-6gb-128gb,,,,380,2026-09-10,,,
AT-0501,AT-0501-01,Celular,Apple,iPhone 17 Pro Max 512GB E-Sim (Orange),Orange,,01,CEL-APP-017,,celular~apple~17-iphone-max-pro~512gb-esim,,,,1550,2026-09-11,,,alta confirmada a mano el 2026-09-11
AT-0502,AT-0502-01,Celular,Samsung,Galaxy A16 4G 4/128GB (Black/Green),Black,,01,CEL-SAM-089,,celular~samsung~a16-galaxy~4gb-128gb-4g,,,,235,2026-09-11,,,alta confirmada a mano el 2026-09-11
AT-0502,AT-0502-02,Celular,Samsung,Galaxy A16 4G 4/128GB (Black/Green),Green,,02,CEL-SAM-089,,celular~samsung~a16-galaxy~4gb-128gb-4g,,,,235,2026-09-11,,,alta confirmada a mano el 2026-09-11
AT-0503,AT-0503-01,Celular,Samsung,Galaxy A27 8/256GB 5G (Black),Black,,01,CEL-SAM-091,,celular~samsung~a27-galaxy~8gb-256gb-5g,,,,380,2026-09-11,,,alta confirmada a mano el 2026-09-11
AT-0504,AT-0504-01,Celular,Samsung,Galaxy A36 5G 8/256GB (Black),Black,,01,CEL-SAM-092,,celular~samsung~a36-galaxy~8gb-256gb-5g,,,,390,2026-09-11,,,alta confirmada a mano el 2026-09-11
AT-0505,AT-0505-01,Notebook,Apple,"MacBook Air M5 13.6"" 24/512GB (Silver)",Silver,,01,NB-APP-101,,notebook~apple~air-m5-macbook~13in-24gb-512gb-tecladoen,,,,2123,2026-09-11,,,alta confirmada a mano el 2026-09-11
AT-0506,AT-0506-01,Tablet,Apple,"iPad Pro M5 13"" 1TB (Space Black)",Space Black,,01,TAB-APP-020,,tablet~apple~ipad-m5-pro~13in-1tb,,,,2010,2026-09-11,,,alta confirmada a mano el 2026-09-11
AT-0507,AT-0507-01,Lentes Inteligentes,Ray-Ban,Rayban Meta GEN2 Headliner (Shiny Black · Transitions Graph Green),Shiny Black · Transitions Graph Green,,01,GAF-RAY-032,,lentes-inteligentes~ray-ban~gen2-headliner-meta-rayban,,,,535,2026-09-11,,,alta confirmada a mano el 2026-09-11
AT-0508,AT-0508,Accesorio Cámara,Sony,Cargador Smallrig + FZ-100,,,,ACC-SON-019,,accesorio-camara~sony~cargador-fz-100-smallrig,,,,110,2026-09-11,,,alta confirmada a mano el 2026-09-11
